Model,P,logP,t,avg,type_group,Year
0-hero/Matter-0.2-7B-DPO,7.242,0.8598585204809929,5.0,8.90636130175029,chat/finetuned,2024.0
01-ai/Yi-1.5-34B,34.389,1.5364195471277338,5.0,25.64649419429311,pretrained,2024.0
01-ai/Yi-1.5-34B-32K,34.389,1.5364195471277338,5.0,26.72791290850813,pretrained,2024.0
01-ai/Yi-1.5-34B-Chat,34.389,1.5364195471277338,5.0,33.35799367075618,chat/finetuned,2024.0
01-ai/Yi-1.5-34B-Chat-16K,34.389,1.5364195471277338,5.0,29.403554842710225,chat/finetuned,2024.0
01-ai/Yi-1.5-6B,6.061,0.7825442840100101,5.0,16.745698054972127,pretrained,2024.0
01-ai/Yi-1.5-6B-Chat,6.061,0.7825442840100101,5.0,22.784006289829847,chat/finetuned,2024.0
01-ai/Yi-1.5-9B,8.829,0.9459115168192734,5.0,22.153901514184795,pretrained,2024.0
01-ai/Yi-1.5-9B-32K,8.829,0.9459115168192734,5.0,19.809786285875365,pretrained,2024.0
01-ai/Yi-1.5-9B-Chat,8.829,0.9459115168192734,5.0,29.530872220260974,chat/finetuned,2024.0
01-ai/Yi-1.5-9B-Chat-16K,8.829,0.9459115168192734,5.0,23.76539234993476,chat/finetuned,2024.0
01-ai/Yi-34B,34.389,1.5364195471277338,5.0,22.373127018936653,pretrained,2024.0
01-ai/Yi-34B-200K,34.389,1.5364195471277338,5.0,20.01347533597433,pretrained,2024.0
01-ai/Yi-34B-Chat,34.389,1.5364195471277338,5.0,24.226662652803373,chat/finetuned,2024.0
01-ai/Yi-6B,6.061,0.7825442840100101,5.0,13.611617485376058,pretrained,2024.0
01-ai/Yi-6B-200K,6.061,0.7825442840100101,5.0,11.99609829883284,pretrained,2024.0
01-ai/Yi-6B-Chat,6.061,0.7825442840100101,5.0,14.11765000523676,chat/finetuned,2024.0
01-ai/Yi-9B,8.829,0.9459115168192734,5.0,17.811867367746064,pretrained,2024.0
01-ai/Yi-9B-200K,8.829,0.9459115168192734,5.0,17.72955178611439,pretrained,2024.0
01-ai/Yi-Coder-9B-Chat,8.829,0.9459115168192734,5.0,16.985989314863886,chat/finetuned,2024.0
1-800-LLMs/Qwen-2.5-14B-Hindi,14.77,1.1693804953119495,6.0,36.2661770066689,chat/finetuned,2025.0
1-800-LLMs/Qwen-2.5-14B-Hindi-Custom-Instruct,14.77,1.1693804953119495,6.0,31.020777275634742,chat/finetuned,2025.0
1024m/PHI-4-Hindi,14.66,1.1661339703051092,6.0,27.48785095027712,chat/finetuned,2025.0
1024m/QWEN-14B-B100,14.77,1.1693804953119495,6.0,41.91906679224076,chat/finetuned,2025.0
1TuanPham/T-VisStar-7B-v0.1,7.294,0.8629657589777625,5.0,19.14480861089536,chat/finetuned,2024.0
1TuanPham/T-VisStar-v0.1,7.294,0.8629657589777625,5.0,19.14480861089536,chat/finetuned,2024.0
3rd-Degree-Burn/Llama-3.1-8B-Squareroot,8.03,0.9047155452786809,5.0,11.223740793316349,其他,2024.0
4season/final_model_test_v2,21.421,1.3308397412084711,5.0,23.086235043644056,chat/finetuned,2024.0
AALF/FuseChat-Llama-3.1-8B-Instruct-preview,8.03,0.9047155452786809,5.0,28.56857495894073,chat/finetuned,2024.0
AALF/gemma-2-27b-it-SimPO-37K,27.227,1.4349997913501735,5.0,9.512077380763676,chat/finetuned,2024.0
AALF/gemma-2-27b-it-SimPO-37K-100steps,27.227,1.4349997913501735,5.0,10.246803363324457,chat/finetuned,2024.0
AI-MO/NuminaMath-7B-CoT,6.91,0.8394780473741984,5.0,16.118457218023075,chat/finetuned,2024.0
AI-MO/NuminaMath-7B-TIR,6.91,0.8394780473741984,5.0,14.182289143173431,chat/finetuned,2024.0
AI-Sweden-Models/Llama-3-8B-instruct,8.03,0.9047155452786809,5.0,14.343669671742774,chat/finetuned,2024.0
AI4free/Dhanishtha,1.777,0.2496874278053015,6.0,11.247711953182252,pretrained,2025.0
AIDC-AI/Marco-o1,7.616,0.8817269353764179,6.0,27.639223265636087,chat/finetuned,2025.0
Aashraf995/Creative-7B-nerd,7.616,0.8817269353764179,5.0,29.97819251596781,其他,2024.0
Aashraf995/Gemma-Evo-10B,10.159,1.006850960324272,5.0,34.32632733409121,其他,2024.0
Aashraf995/Qwen-Evo-7B,7.616,0.8817269353764179,5.0,30.275058582706105,其他,2024.0
Aashraf995/QwenStock-14B,14.766,1.1692628640864462,5.0,37.13002133952593,其他,2024.0
AbacusResearch/Jallabi-34B,34.389,1.5364195471277338,5.0,26.18608192071653,其他,2024.0
Ahdoot/Test_StealthThinker,3.086,0.4893959217271294,6.0,22.06904758264274,chat/finetuned,2025.0
Alepach/notHumpback-M0,3.213,0.5069107255515181,6.0,5.137220097878128,chat/finetuned,2025.0
Alepach/notHumpback-M1,3.213,0.5069107255515181,6.0,4.779297887614574,chat/finetuned,2025.0
Alibaba-NLP/gte-Qwen2-7B-instruct,7.613,0.8815558297933116,5.0,13.834176058521932,chat/finetuned,2024.0
Alsebay/Qwen2.5-7B-test-novelist,7.616,0.8817269353764179,5.0,27.172849099811742,chat/finetuned,2024.0
Amu/t1-1.5B,1.777,0.2496874278053015,6.0,12.141383312461109,chat/finetuned,2025.0
Amu/t1-3B,3.397,0.5310955468700279,6.0,11.160895171582572,chat/finetuned,2025.0
ArliAI/ArliAI-RPMax-12B-v1.1,12.248,1.0880651776902046,5.0,20.976339912086196,chat/finetuned,2024.0
ArliAI/Llama-3.1-8B-ArliAI-RPMax-v1.1,8.03,0.9047155452786809,5.0,23.942143268323218,chat/finetuned,2024.0
Arthur-LAGACHERIE/Precis-1B-Instruct,1.236,0.09201847075279702,6.0,8.848710962428209,chat/finetuned,2025.0
Artples/L-MChat-7b,7.242,0.8598585204809929,5.0,21.238493444242582,其他,2024.0
Artples/L-MChat-Small,2.78,0.4440447959180762,5.0,15.23132798262929,其他,2024.0
Aryanne/QwentileSwap,32.764,1.5153969172605857,6.0,43.91650770857709,其他,2025.0
Aryanne/SuperHeart,8.03,0.9047155452786809,5.0,25.55719928277682,其他,2024.0
AuraIndustries/Aura-4B,4.513,0.6544653335201458,5.0,16.063480369846303,chat/finetuned,2024.0
AuraIndustries/Aura-8B,8.03,0.9047155452786809,5.0,27.363297533889394,chat/finetuned,2024.0
Azure99/Blossom-V6-14B,14.77,1.1693804953119495,6.0,32.80581546858162,chat/finetuned,2025.0
Azure99/Blossom-V6-7B,7.616,0.8817269353764179,6.0,31.04565038906736,chat/finetuned,2025.0
Azure99/blossom-v5-32b,32.512,1.5120436862678064,5.0,27.724659940062114,chat/finetuned,2024.0
Azure99/blossom-v5-llama3-8b,8.03,0.9047155452786809,5.0,14.598962808998438,chat/finetuned,2024.0
Azure99/blossom-v5.1-34b,34.389,1.5364195471277338,5.0,30.298681690900175,chat/finetuned,2024.0
Azure99/blossom-v5.1-9b,8.829,0.9459115168192734,5.0,26.470194407631528,chat/finetuned,2024.0
BAAI/Infinity-Instruct-3M-0613-Llama3-70B,70.554,1.8485216407506466,5.0,35.578242909223654,chat/finetuned,2024.0
BAAI/Infinity-Instruct-3M-0613-Mistral-7B,7.242,0.8598585204809929,5.0,22.29353000800769,chat/finetuned,2024.0
BAAI/Infinity-Instruct-3M-0625-Llama3-70B,70.554,1.8485216407506466,5.0,36.91009196843762,chat/finetuned,2024.0
BAAI/Infinity-Instruct-3M-0625-Llama3-8B,8.03,0.9047155452786809,5.0,22.06253195877917,chat/finetuned,2024.0
BAAI/Infinity-Instruct-3M-0625-Mistral-7B,7.242,0.8598585204809929,5.0,22.843425216048672,chat/finetuned,2024.0
BAAI/Infinity-Instruct-3M-0625-Qwen2-7B,7.616,0.8817269353764179,5.0,26.199808011295485,chat/finetuned,2024.0
BAAI/Infinity-Instruct-3M-0625-Yi-1.5-9B,8.829,0.9459115168192734,5.0,28.14496041142372,chat/finetuned,2024.0
BAAI/Infinity-Instruct-7M-0729-Llama3_1-8B,8.03,0.9047155452786809,5.0,23.447423677135685,chat/finetuned,2024.0
BAAI/Infinity-Instruct-7M-0729-mistral-7B,7.242,0.8598585204809929,5.0,23.21644934658775,chat/finetuned,2024.0
BAAI/Infinity-Instruct-7M-Gen-Llama3_1-70B,70.554,1.8485216407506466,5.0,37.48445364047765,chat/finetuned,2024.0
BAAI/Infinity-Instruct-7M-Gen-Llama3_1-8B,8.03,0.9047155452786809,5.0,23.447423677135685,chat/finetuned,2024.0
BAAI/Infinity-Instruct-7M-Gen-mistral-7B,7.242,0.8598585204809929,5.0,23.191053766563783,chat/finetuned,2024.0
BAAI/OPI-Llama-3.1-8B-Instruct,8.03,0.9047155452786809,5.0,8.531604396997649,chat/finetuned,2024.0
BEE-spoke-data/Meta-Llama-3-8Bee,8.03,0.9047155452786809,5.0,14.657811877680324,chat/finetuned,2024.0
BEE-spoke-data/smol_llama-101M-GQA,0.101,-0.9956786262173574,5.0,4.019599868138451,pretrained,2024.0
BEE-spoke-data/smol_llama-220M-GQA,0.218,-0.6615435063953952,5.0,6.577800964187134,pretrained,2024.0
BEE-spoke-data/smol_llama-220M-GQA-fineweb_edu,0.218,-0.6615435063953952,5.0,6.629850832257909,pretrained,2024.0
BEE-spoke-data/smol_llama-220M-openhermes,0.218,-0.6615435063953952,5.0,4.938005238605682,chat/finetuned,2024.0
BEE-spoke-data/tFINE-900m-e16-d32-flan,0.887,-0.0520763801682736,5.0,4.597533011984676,chat/finetuned,2024.0
BEE-spoke-data/tFINE-900m-e16-d32-flan-infinity-instruct-7m-T2T_en-1024,0.887,-0.0520763801682736,5.0,5.999886320692095,chat/finetuned,2024.0
BEE-spoke-data/tFINE-900m-e16-d32-instruct_2e,0.887,-0.0520763801682736,5.0,5.908138429401099,chat/finetuned,2024.0
BEE-spoke-data/tFINE-900m-instruct-orpo,0.887,-0.0520763801682736,5.0,3.69630792495429,chat/finetuned,2024.0
BSC-LT/salamandra-7b,7.768,0.8903092168999485,5.0,5.704911444345451,pretrained,2024.0
BSC-LT/salamandra-7b-instruct,7.768,0.8903092168999485,5.0,10.181243697003833,pretrained,2024.0
Ba2han/Llama-Phi-3_DoRA,3.821,0.5821770376884089,5.0,25.4698950011544,chat/finetuned,2024.0
Baptiste-HUVELLE-10/LeTriomphant2.2_ECE_iLAB,72.706,1.8615702521158346,6.0,41.30426754456703,其他,2025.0
BenevolenceMessiah/Yi-Coder-9B-Chat-Instruct-TIES-MoE-v1.0,28.309,1.4519245284201217,5.0,15.07109165755061,其他,2024.0
BlackBeenie/Llama-3.1-8B-OpenO1-SFT-v0.1,8.03,0.9047155452786809,5.0,21.4004099666704,chat/finetuned,2024.0
BlackBeenie/Neos-Gemma-2-9b,9.242,0.9657659641826862,5.0,25.475663495967385,chat/finetuned,2024.0
BlackBeenie/Neos-Llama-3.1-8B,8.03,0.9047155452786809,5.0,19.51217705998031,chat/finetuned,2024.0
BlackBeenie/Neos-Phi-3-14B-v0.1,13.96,1.1448854182871424,5.0,27.032306783654636,chat/finetuned,2024.0
Bllossom/llama-3.2-Korean-Bllossom-AICA-5B,5.199,0.7159198174335795,5.0,19.01285199149148,chat/finetuned,2024.0
BoltMonkey/NeuralDaredevil-SuperNova-Lite-7B-DARETIES-abliterated,8.03,0.9047155452786809,5.0,27.776634015071924,其他,2024.0
BoltMonkey/NeuralDaredevil-SuperNova-Lite-7B-DARETIES-abliterated,8.03,0.9047155452786809,5.0,21.345510590269537,chat/finetuned,2024.0
BrainWave-ML/llama3.2-3B-maths-orpo,3.0,0.47712125471966244,5.0,5.07608283209792,chat/finetuned,2024.0
BramVanroy/fietje-2,2.78,0.4440447959180762,5.0,9.140300477810824,pretrained,2024.0
BramVanroy/fietje-2-chat,2.775,0.443262987458695,5.0,10.615455210257904,chat/finetuned,2024.0
BramVanroy/fietje-2-instruct,2.775,0.443262987458695,5.0,10.48571837435655,chat/finetuned,2024.0
CYFRAGOVPL/Llama-PLLuM-8B-base,8.03,0.9047155452786809,6.0,14.51887667865397,pretrained,2025.0
CYFRAGOVPL/Llama-PLLuM-8B-chat,8.03,0.9047155452786809,6.0,14.61481701543444,chat/finetuned,2025.0
CYFRAGOVPL/PLLuM-12B-base,12.248,1.0880651776902046,6.0,14.667469455106152,pretrained,2025.0
CYFRAGOVPL/PLLuM-12B-chat,12.248,1.0880651776902046,6.0,15.34838688249824,chat/finetuned,2025.0
CarrotAI/Llama-3.2-Rabbit-Ko-3B-Instruct,3.213,0.5069107255515181,5.0,23.50945092474288,chat/finetuned,2024.0
CarrotAI/Llama-3.2-Rabbit-Ko-3B-Instruct-2412,3.213,0.5069107255515181,5.0,20.301755342918195,chat/finetuned,2024.0
Casual-Autopsy/L3-Umbral-Mind-RP-v2.0-8B,8.03,0.9047155452786809,5.0,25.899338809216697,其他,2024.0
CausalLM/34b-beta,34.389,1.5364195471277338,5.0,23.29783304542188,chat/finetuned,2024.0
ClaudioItaly/Albacus,8.987,0.9536147416906405,5.0,20.505574062384014,其他,2024.0
ClaudioItaly/Book-Gut12B,12.248,1.0880651776902046,5.0,23.39409811229197,其他,2024.0
ClaudioItaly/Evolutionstory-7B-v2.2,7.242,0.8598585204809929,5.0,20.810835332574907,其他,2024.0
ClaudioItaly/intelligence-cod-rag-7b-v3,7.616,0.8817269353764179,5.0,31.836966345244434,chat/finetuned,2024.0
CombinHorizon/Josiefied-abliteratedV4-Qwen2.5-14B-Inst-BaseMerge-TIES,14.77,1.1693804953119495,5.0,41.765081012881176,其他,2024.0
CombinHorizon/Rombos-Qwen2.5-7B-Inst-BaseMerge-TIES,7.616,0.8817269353764179,5.0,35.36673047341537,其他,2024.0
CombinHorizon/YiSM-blossom5.1-34B-SLERP,34.389,1.5364195471277338,5.0,31.37993020523676,其他,2024.0
CombinHorizon/huihui-ai-abliterated-Qwen2.5-32B-Inst-BaseMerge-TIES,32.764,1.5153969172605857,5.0,45.6578470977455,其他,2024.0
CombinHorizon/huihui-ai-abliteratedV2-Qwen2.5-14B-Inst-BaseMerge-TIES,14.77,1.1693804953119495,5.0,41.46621085774212,其他,2024.0
CombinHorizon/zetasepic-abliteratedV2-Qwen2.5-32B-Inst-BaseMerge-TIES,32.764,1.5153969172605857,5.0,46.76362120574333,其他,2024.0
CoolSpring/Qwen2-0.5B-Abyme,0.494,-0.30627305107635305,5.0,4.999994251217356,chat/finetuned,2024.0
CoolSpring/Qwen2-0.5B-Abyme-merge2,0.63,-0.2006594505464183,5.0,6.320258162859158,其他,2024.0
CoolSpring/Qwen2-0.5B-Abyme-merge3,0.63,-0.2006594505464183,5.0,6.8201960830112,其他,2024.0
Corianas/Neural-Mistral-7B,7.242,0.8598585204809929,5.0,18.200438567718397,chat/finetuned,2024.0
Corianas/Quokka_2.7b,2.786,0.44498111208794466,5.0,4.995249580966088,chat/finetuned,2024.0
CortexLM/btlm-7b-base-v0.2,6.885,0.8379039445929425,5.0,8.920254930681883,pretrained,2024.0
CreitinGameplays/Llama-3.1-8B-R1-v0.1,8.03,0.9047155452786809,6.0,10.034841772545372,chat/finetuned,2025.0
CultriX/Qwen2.5-14B-HyperMarck-dl,14.766,1.1692628640864462,6.0,39.89416756441815,其他,2025.0
CultriX/Qwen2.5-14B-ReasoningMerge,14.766,1.1692628640864462,6.0,40.64588590091172,其他,2025.0
CultriX/Qwen2.5-14B-Ultimav2,14.766,1.1692628640864462,6.0,38.835600416037856,其他,2025.0
CultriX/Qwen2.5-14B-Wernicke,14.77,1.1693804953119495,5.0,37.94335063991926,其他,2024.0
CultriX/Qwen2.5-14B-Wernicke-SFT,14.77,1.1693804953119495,5.0,33.549511791224056,chat/finetuned,2024.0
CultriX/SeQwence-14B,14.766,1.1692628640864462,5.0,36.886272868734814,chat/finetuned,2024.0
CultriX/SeQwence-14B-EvolMerge,14.766,1.1692628640864462,5.0,38.018640895247245,其他,2024.0
CultriX/SeQwence-14Bv1,14.766,1.1692628640864462,5.0,38.625628460880606,其他,2024.0
DRXD1000/Atlas-7B,7.768,0.8903092168999485,5.0,8.78657746420255,chat/finetuned,2024.0
DRXD1000/Phoenix-7B,7.242,0.8598585204809929,5.0,12.420154178714036,chat/finetuned,2024.0
Daemontatox/AetherDrake-SFT,8.03,0.9047155452786809,5.0,22.91796073644076,chat/finetuned,2024.0
Daemontatox/AetherSett,7.616,0.8817269353764179,5.0,31.420122512312307,chat/finetuned,2024.0
Daemontatox/AetherTOT,10.67,1.02816441942447,5.0,23.178825097337903,chat/finetuned,2024.0
Daemontatox/AetherTOT,10.67,1.02816441942447,5.0,22.874708418571885,其他,2024.0
Daemontatox/CogitoZ,32.764,1.5153969172605857,6.0,39.383291042826805,chat/finetuned,2025.0
Daemontatox/DocumentCogito,10.67,1.02816441942447,6.0,24.220439046588428,其他,2025.0
Daemontatox/DocumentCogito,10.67,1.02816441942447,6.0,29.10815605844729,其他,2025.0
Daemontatox/Llama3.3-70B-CogniLink,70.554,1.8485216407506466,6.0,42.77471354959223,chat/finetuned,2025.0
Daemontatox/MawaredT1,7.616,0.8817269353764179,6.0,29.23129822157277,chat/finetuned,2025.0
Daemontatox/PathFinderAI2.0,32.764,1.5153969172605857,6.0,36.25665231066442,chat/finetuned,2025.0
Daemontatox/PathFinderAi3.0,32.764,1.5153969172605857,6.0,40.45869427281298,chat/finetuned,2025.0
Daemontatox/PathfinderAI,32.764,1.5153969172605857,5.0,38.13131352504058,chat/finetuned,2024.0
Daemontatox/PathfinderAI,32.764,1.5153969172605857,5.0,36.54876805856116,chat/finetuned,2024.0
Daemontatox/PixelParse_AI,10.67,1.02816441942447,5.0,22.92506088584278,其他,2024.0
Daemontatox/RA_Reasoner,10.306,1.0130901381250559,5.0,29.20800259079704,chat/finetuned,2024.0
Daemontatox/RA_Reasoner2.0,10.306,1.0130901381250559,5.0,29.039667218867848,chat/finetuned,2024.0
Daemontatox/SphinX,7.616,0.8817269353764179,5.0,29.87478015820759,chat/finetuned,2024.0
Daemontatox/Sphinx2.0,14.77,1.1693804953119495,5.0,37.69418546772203,chat/finetuned,2024.0
Daemontatox/Zirel-7B-Math,7.616,0.8817269353764179,6.0,30.97662500003112,chat/finetuned,2025.0
Daemontatox/Zirel_1.5,1.544,0.18864729599971736,6.0,14.243506396749902,chat/finetuned,2025.0
Daemontatox/mini-Cogito-R1,1.777,0.2496874278053015,6.0,11.629717650498437,chat/finetuned,2025.0
Dampfinchen/Llama-3.1-8B-Ultra-Instruct,8.03,0.9047155452786809,5.0,30.159277021889157,其他,2024.0
Danielbrdz/Barcenas-10b,10.306,1.0130901381250559,6.0,31.870970597687855,chat/finetuned,2025.0
Danielbrdz/Barcenas-14b-Phi-3-medium-ORPO,13.96,1.1448854182871424,5.0,31.88950498581046,chat/finetuned,2024.0
Danielbrdz/Barcenas-14b-phi-4,14.66,1.1661339703051092,6.0,28.746056207730017,chat/finetuned,2025.0
Danielbrdz/Barcenas-14b-phi-4-v2,14.66,1.1661339703051092,6.0,31.447866315089907,chat/finetuned,2025.0
Danielbrdz/Barcenas-3b-GRPO,3.213,0.5069107255515181,6.0,20.5654768779582,chat/finetuned,2025.0
Danielbrdz/Barcenas-R1-Qwen-1.5b,1.777,0.2496874278053015,6.0,15.138858570183295,chat/finetuned,2025.0
Dans-DiscountModels/Dans-Instruct-CoreCurriculum-12b-ChatML,12.248,1.0880651776902046,5.0,13.542857676063695,chat/finetuned,2024.0
Dans-DiscountModels/mistral-7b-test-merged,7.0,0.8450980400142568,5.0,22.073339331094918,chat/finetuned,2024.0
DavieLion/Llama-3.2-1B-SPIN-iter0,1.236,0.09201847075279702,5.0,3.6238167467938993,chat/finetuned,2024.0
DavieLion/Llama-3.2-1B-SPIN-iter0,1.236,0.09201847075279702,5.0,3.985688359677067,chat/finetuned,2024.0
DavieLion/Llama-3.2-1B-SPIN-iter1,1.236,0.09201847075279702,5.0,3.7519748574168585,chat/finetuned,2024.0
DavieLion/Llama-3.2-1B-SPIN-iter2,1.236,0.09201847075279702,5.0,3.658145708347315,chat/finetuned,2024.0
DavieLion/Llama-3.2-1B-SPIN-iter3,1.236,0.09201847075279702,5.0,3.593140598286666,chat/finetuned,2024.0
DavieLion/Llama-3.2-1B-SPIN-iter3,1.236,0.09201847075279702,5.0,3.6136899611836006,chat/finetuned,2024.0
DavieLion/Lllma-3.2-1B,1.236,0.09201847075279702,5.0,3.932331961262434,chat/finetuned,2024.0
DebateLabKIT/Llama-3.1-Argunaut-1-8B-SFT,8.03,0.9047155452786809,6.0,24.113556306971883,chat/finetuned,2025.0
Deci/DeciLM-7B,7.044,0.8478193472952393,5.0,15.023477940437225,pretrained,2024.0
Deci/DeciLM-7B-instruct,7.044,0.8478193472952393,5.0,17.470092220993035,chat/finetuned,2024.0
DeepAutoAI/Explore_Llama-3.1-8B-Inst,8.03,0.9047155452786809,5.0,28.926700693431915,其他,2024.0
DeepAutoAI/Explore_Llama-3.2-1B-Inst,1.236,0.09201847075279702,5.0,13.897376870733368,其他,2024.0
DeepAutoAI/Explore_Llama-3.2-1B-Inst_v1,1.236,0.09201847075279702,5.0,10.921433609301348,其他,2024.0
DeepAutoAI/Explore_Llama-3.2-1B-Inst_v1.1,1.236,0.09201847075279702,5.0,14.311829325717667,其他,2024.0
DeepAutoAI/ldm_soup_Llama-3.1-8B-Inst,8.03,0.9047155452786809,5.0,29.85905810866196,其他,2024.0
DeepMount00/Lexora-Medium-7B,7.616,0.8817269353764179,5.0,25.83719802694387,chat/finetuned,2024.0
DeepMount00/Llama-3-8b-Ita,8.03,0.9047155452786809,5.0,26.7968164089867,chat/finetuned,2024.0
DeepMount00/Llama-3.1-Distilled,8.03,0.9047155452786809,5.0,29.631398468956544,chat/finetuned,2024.0
DeepMount00/Qwen2-1.5B-Ita,1.544,0.18864729599971736,6.0,16.83176132950784,chat/finetuned,2025.0
DeepMount00/Qwen2-1.5B-Ita_v2,1.544,0.18864729599971736,6.0,17.07000871129109,chat/finetuned,2025.0
DeepMount00/Qwen2-1.5B-Ita_v3,1.544,0.18864729599971736,6.0,16.948513223691304,chat/finetuned,2025.0
DeepMount00/Qwen2-1.5B-Ita_v5,1.544,0.18864729599971736,6.0,17.023240512569227,chat/finetuned,2025.0
Delta-Vector/Henbane-7b-attempt2,7.0,0.8450980400142568,5.0,23.813949980028717,chat/finetuned,2024.0
DevQuasar/DevQuasar-R1-Uncensored-Llama-8B,8.03,0.9047155452786809,6.0,26.432648640760963,其他,2025.0
DreadPoor/Alita99-8B-LINEAR,8.03,0.9047155452786809,5.0,29.392264436250034,其他,2024.0
DreadPoor/Aurora_faustus-8B-LINEAR,8.03,0.9047155452786809,5.0,29.619908170064097,其他,2024.0
DreadPoor/BaeZel-8B-LINEAR,8.03,0.9047155452786809,5.0,30.34681191186813,其他,2024.0
DreadPoor/Casuar-9B-Model_Stock,9.242,0.9657659641826862,5.0,33.631173922201846,其他,2024.0
DreadPoor/Derivative-8B-Model_Stock,8.03,0.9047155452786809,6.0,30.10114939087056,其他,2025.0
DreadPoor/LemonP-8B-Model_Stock,8.03,0.9047155452786809,6.0,30.052497237216315,其他,2025.0
DreadPoor/Zelus-8B-Model_Stock,8.03,0.9047155452786809,6.0,29.7413869053032,其他,2025.0
ECE-ILAB-PRYMMAL/ILAB-Merging-3B-V2,3.821,0.5821770376884089,6.0,24.06556562824206,其他,2025.0
EVA-UNIT-01/EVA-Qwen2.5-14B-v0.2,14.77,1.1693804953119495,5.0,33.81260628765727,chat/finetuned,2024.0
EleutherAI/gpt-j-6b,6.0,0.7781512503836436,5.0,6.570411768928537,pretrained,2024.0
EleutherAI/gpt-neo-1.3B,1.366,0.1354506993455138,5.0,5.391090848825532,pretrained,2024.0
EleutherAI/gpt-neo-125m,0.15,-0.8239087409443188,5.0,4.407321907614049,pretrained,2024.0
EleutherAI/gpt-neo-2.7B,2.718,0.4342494523964755,5.0,6.431047800987447,pretrained,2024.0
EleutherAI/gpt-neox-20b,20.739,1.316787811602096,5.0,6.1165221524743325,pretrained,2024.0
EleutherAI/pythia-1.4b,1.515,0.1804126328383238,6.0,6.008531439497028,pretrained,2025.0
EleutherAI/pythia-12b,12.0,1.0791812460476249,5.0,6.059841492942702,pretrained,2024.0
EleutherAI/pythia-160m,0.213,-0.6716203965612623,5.0,5.730394616916023,pretrained,2024.0
EleutherAI/pythia-1b,1.079,0.033021444682910656,6.0,5.07026822083096,pretrained,2025.0
EleutherAI/pythia-2.8b,2.909,0.46374372124705915,5.0,5.554946281603011,pretrained,2024.0
EleutherAI/pythia-410m,0.506,-0.2958494831602009,5.0,5.227072311484412,pretrained,2024.0
EleutherAI/pythia-6.9b,6.9,0.8388490907372553,5.0,5.966546774741993,pretrained,2024.0
Enno-Ai/EnnoAi-Pro-Llama-3.1-8B-v0.9,8.03,0.9047155452786809,5.0,15.575099921155848,chat/finetuned,2024.0
EnnoAi/EnnoAi-7B-French-Instruct-202502,7.456,0.8725058993459249,6.0,31.28743755248046,chat/finetuned,2025.0
EnnoAi/EnnoAi-Pro-Llama-3.1-8B-v1.0,8.03,0.9047155452786809,5.0,15.600495501179813,chat/finetuned,2024.0
Epiculous/Azure_Dusk-v0.2,12.248,1.0880651776902046,5.0,14.239648971826766,chat/finetuned,2024.0
Epiculous/Crimson_Dawn-v0.2,12.248,1.0880651776902046,5.0,15.085950749805088,chat/finetuned,2024.0
Epiculous/NovaSpark,8.03,0.9047155452786809,5.0,25.253737990368,chat/finetuned,2024.0
Epiculous/Violet_Twilight-v0.2,12.248,1.0880651776902046,5.0,18.55277348742638,其他,2024.0
EpistemeAI/Alpaca-Llama3.1-8B,8.0,0.9030899869919435,5.0,13.985046352420849,chat/finetuned,2024.0
EpistemeAI/Athena-gemma-2-2b-it,2.0,0.3010299956639812,5.0,14.54609172912029,chat/finetuned,2024.0
EpistemeAI/Athena-gemma-2-2b-it-Philos,2.0,0.3010299956639812,5.0,15.663946300399497,chat/finetuned,2024.0
EpistemeAI/Athene-codegemma-2-7b-it-alpaca-v1.3,7.0,0.8450980400142568,5.0,17.314021588433324,chat/finetuned,2024.0
EpistemeAI/DeepPhi-3.5-mini-instruct,3.821,0.5821770376884089,6.0,3.46432918593773,chat/finetuned,2025.0
EpistemeAI/DeepThinkers-Phi4,14.66,1.1661339703051092,6.0,39.40710857221479,chat/finetuned,2025.0
EpistemeAI/Fireball-12B,12.248,1.0880651776902046,5.0,15.534531353358348,chat/finetuned,2024.0
EpistemeAI/Fireball-12B-v1.13a-philosophers,12.0,1.0791812460476249,5.0,14.466040850876617,chat/finetuned,2024.0
EpistemeAI/Fireball-Alpaca-Llama-3.1-8B-Philos-DPO-200,8.0,0.9030899869919435,5.0,21.12991448262953,chat/finetuned,2024.0
EpistemeAI/Fireball-Alpaca-Llama3.1.07-8B-Philos-Math-KTO-beta,8.0,0.9030899869919435,5.0,25.242227896928764,chat/finetuned,2024.0
EpistemeAI/Fireball-Alpaca-Llama3.1.08-8B-Philos-C-R2,8.0,0.9030899869919435,5.0,22.550476627240737,chat/finetuned,2024.0
EpistemeAI/Fireball-Meta-Llama-3.1-8B-Instruct-0.001-128K-auto,8.0,0.9030899869919435,5.0,21.567361907712467,chat/finetuned,2024.0
EpistemeAI/Fireball-Meta-Llama-3.1-8B-Instruct-Agent-0.003-128K,8.0,0.9030899869919435,5.0,20.62716790652169,chat/finetuned,2024.0
EpistemeAI/Fireball-Meta-Llama-3.1-8B-Instruct-Agent-0.003-128K-code,8.0,0.9030899869919435,5.0,23.934713958118284,chat/finetuned,2024.0
EpistemeAI/Fireball-Meta-Llama-3.1-8B-Instruct-Agent-0.003-128K-code-ds,8.0,0.9030899869919435,5.0,23.14416546279052,chat/finetuned,2024.0
EpistemeAI/Fireball-Meta-Llama-3.1-8B-Instruct-Agent-0.003-128K-code-ds-auto,8.03,0.9047155452786809,5.0,23.74994070118673,chat/finetuned,2024.0
EpistemeAI/Fireball-Meta-Llama-3.1-8B-Instruct-Agent-0.003-128K-code-ds-auto,8.03,0.9047155452786809,5.0,23.627287074905905,chat/finetuned,2024.0
EpistemeAI/Fireball-Meta-Llama-3.1-8B-Instruct-Agent-0.004-128K-code-COT,8.0,0.9030899869919435,5.0,20.857427405175983,chat/finetuned,2024.0
EpistemeAI/Fireball-Meta-Llama-3.1-8B-Instruct-Agent-0.004-128K-code-ds-auto,8.0,0.9030899869919435,5.0,23.874258540372427,chat/finetuned,2024.0
EpistemeAI/Fireball-Meta-Llama-3.1-8B-Instruct-Math,8.03,0.9047155452786809,5.0,20.55792899003061,chat/finetuned,2024.0
EpistemeAI/Fireball-Meta-Llama-3.2-8B-Instruct-agent-003-128k-code-DPO,8.0,0.9030899869919435,5.0,21.29356141520376,chat/finetuned,2024.0
EpistemeAI/Fireball-Mistral-Nemo-Base-2407-v1-DPO2,12.248,1.0880651776902046,5.0,15.339340300308171,chat/finetuned,2024.0
EpistemeAI/Fireball-R1-Llama-3.1-8B,8.03,0.9047155452786809,6.0,14.729862999540122,chat/finetuned,2025.0
EpistemeAI/Fireball-R1-Llama-3.1-8B-Medical-COT,8.03,0.9047155452786809,6.0,14.486213316641551,chat/finetuned,2025.0
EpistemeAI/Fireball-R1.1-Llama-3.1-8B,8.03,0.9047155452786809,6.0,10.130881566678475,chat/finetuned,2025.0
EpistemeAI/Llama-3.2-3B-Agent007-Coder,3.0,0.47712125471966244,5.0,18.91456180890705,chat/finetuned,2024.0
EpistemeAI/Mistral-Nemo-Instruct-12B-Philosophy-Math,12.248,1.0880651776902046,5.0,16.60399677564458,chat/finetuned,2024.0
EpistemeAI/OpenReasoner-Llama-3.2-3B-rs1.0,3.213,0.5069107255515181,6.0,22.93957882205128,chat/finetuned,2025.0
EpistemeAI/Polypsyche-Llama-3.1-8B-Instruct-Agent-0.003-128K-code-ds-auto-Empathy,8.0,0.9030899869919435,5.0,23.321646038971995,chat/finetuned,2024.0
EpistemeAI/Polypsyche-Llama-3.1-8B-Instruct-Agent-0.003-128K-code-ds-auto-Logic,8.03,0.9047155452786809,5.0,23.204900560269166,chat/finetuned,2024.0
EpistemeAI/Polypsyche-Llama-3.1-8B-Instruct-Agent-0.003-128K-code-ds-auto-divergent,8.03,0.9047155452786809,5.0,23.02725584049078,chat/finetuned,2024.0
EpistemeAI/Reasoning-Llama-3.1-CoT-RE1-NMT,8.03,0.9047155452786809,6.0,19.208175433660585,chat/finetuned,2025.0
EpistemeAI/Reasoning-Llama-3.1-CoT-RE1-NMT-V2-ORPO,8.03,0.9047155452786809,6.0,21.331579969605,chat/finetuned,2025.0
EpistemeAI/Reasoning-Llama-3.2-1B-Instruct-v1.2,1.236,0.09201847075279702,6.0,9.508931658156024,chat/finetuned,2025.0
EpistemeAI/Reasoning-Llama-3.2-1B-Instruct-v1.3,1.236,0.09201847075279702,6.0,8.170098865797046,chat/finetuned,2025.0
EpistemeAI/Reasoning-Llama-3.2-3B-Math-Instruct-RE1-ORPO,3.213,0.5069107255515181,6.0,23.430640115437427,chat/finetuned,2025.0
EpistemeAI/ReasoningCore-1.0-3B-Instruct-r01-Reflect-Math,3.213,0.5069107255515181,6.0,19.475016650589627,chat/finetuned,2025.0
EpistemeAI/ReasoningCore-3B-0,3.213,0.5069107255515181,6.0,23.526303672038257,chat/finetuned,2025.0
EpistemeAI/ReasoningCore-3B-Instruct-r01-Reflect,3.213,0.5069107255515181,6.0,23.51162994918955,chat/finetuned,2025.0
EpistemeAI/ReasoningCore-3B-R01,3.213,0.5069107255515181,6.0,14.035244688635869,chat/finetuned,2025.0
EpistemeAI/ReasoningCore-3B-RE1-V2,3.213,0.5069107255515181,6.0,23.57087320558054,chat/finetuned,2025.0
EpistemeAI/ReasoningCore-3B-RE1-V2A,3.213,0.5069107255515181,6.0,18.398292233746385,chat/finetuned,2025.0
EpistemeAI/ReasoningCore-3B-RE1-V2B,3.213,0.5069107255515181,6.0,16.80359555586663,chat/finetuned,2025.0
EpistemeAI/ReasoningCore-3B-RE1-V2C,3.213,0.5069107255515181,6.0,16.648061999116766,chat/finetuned,2025.0
EpistemeAI/ReasoningCore-3B-T1-V1,3.213,0.5069107255515181,6.0,23.243643018070443,chat/finetuned,2025.0
EpistemeAI/ReasoningCore-3B-T1_1,3.213,0.5069107255515181,6.0,23.49247452002092,chat/finetuned,2025.0
EpistemeAI2/Athene-codegemma-2-7b-it-alpaca-v1.2,7.0,0.8450980400142568,5.0,15.718390848250491,chat/finetuned,2024.0
EpistemeAI2/Fireball-12B-v1.2,12.0,1.0791812460476249,5.0,15.200286583835773,chat/finetuned,2024.0
EpistemeAI2/Fireball-Alpaca-Llama3.1-8B-Philos,8.0,0.9030899869919435,5.0,22.551673578610224,chat/finetuned,2024.0
EpistemeAI2/Fireball-Alpaca-Llama3.1.01-8B-Philos,8.0,0.9030899869919435,5.0,21.567143968773337,chat/finetuned,2024.0
EpistemeAI2/Fireball-Alpaca-Llama3.1.03-8B-Philos,8.0,0.9030899869919435,5.0,20.274573357917856,chat/finetuned,2024.0
EpistemeAI2/Fireball-Alpaca-Llama3.1.04-8B-Philos,8.0,0.9030899869919435,5.0,21.094517497325704,chat/finetuned,2024.0
EpistemeAI2/Fireball-Alpaca-Llama3.1.06-8B-Philos-dpo,8.0,0.9030899869919435,5.0,21.86763175289908,chat/finetuned,2024.0
EpistemeAI2/Fireball-Alpaca-Llama3.1.07-8B-Philos-Math,8.0,0.9030899869919435,5.0,21.97087003498899,chat/finetuned,2024.0
EpistemeAI2/Fireball-Alpaca-Llama3.1.08-8B-C-R1-KTO-Reflection,8.0,0.9030899869919435,5.0,20.89462493481088,chat/finetuned,2024.0
EpistemeAI2/Fireball-Alpaca-Llama3.1.08-8B-Philos-C-R1,8.0,0.9030899869919435,5.0,22.51118824548196,chat/finetuned,2024.0
EpistemeAI2/Fireball-Llama-3.1-8B-Philos-Reflection,8.0,0.9030899869919435,5.0,20.37672090429901,chat/finetuned,2024.0
EpistemeAI2/Fireball-MathMistral-Nemo-Base-2407-v2dpo,11.58,1.0637085593914173,5.0,11.369982746356044,chat/finetuned,2024.0
EpistemeAI2/Fireball-Meta-Llama-3.1-8B-Instruct-Agent-0.003-128K-code-math,8.0,0.9030899869919435,5.0,22.72795730229104,chat/finetuned,2024.0
EpistemeAI2/Fireball-Meta-Llama-3.1-8B-Instruct-Agent-0.005-128K-code-COT,8.0,0.9030899869919435,5.0,21.037758831912942,chat/finetuned,2024.0
EpistemeAI2/Fireball-Phi-3-medium-4k-inst-Philos,13.96,1.1448854182871424,5.0,29.67636693004503,chat/finetuned,2024.0
Eric111/CatunaMayo,7.242,0.8598585204809929,5.0,21.27397881040676,chat/finetuned,2024.0
Eric111/CatunaMayo-DPO,7.242,0.8598585204809929,5.0,21.292884967568227,chat/finetuned,2024.0
Eurdem/Defne-llama3.1-8B,8.03,0.9047155452786809,5.0,25.120605411030212,chat/finetuned,2024.0
FINGU-AI/Chocolatine-Fusion-14B,8.367,0.9225697689857123,6.0,40.36155927006158,其他,2025.0
FINGU-AI/L3-8B,8.03,0.9047155452786809,6.0,28.91453457774598,其他,2025.0
FINGU-AI/Phi-4-RRStock,6.652,0.8229522405474816,6.0,26.41539412271864,其他,2025.0
FINGU-AI/Q-Small-3B,3.086,0.4893959217271294,6.0,16.89041454501282,其他,2025.0
FINGU-AI/QwQ-Buddy-32B-Alpha,19.662,1.2936276917660194,6.0,35.1782720586928,其他,2025.0
FINGU-AI/RomboUltima-32B,17.645,1.246621662695988,6.0,44.731545333278405,其他,2025.0
FINGU-AI/Ultimos-32B,9.604,0.9824521513849896,6.0,3.640726542069556,其他,2025.0
FallenMerick/Chewy-Lemon-Cookie-11B,10.732,1.0306806639999013,5.0,22.043725653783596,其他,2024.0
Felladrin/Llama-160M-Chat-v1,0.162,-0.790484985457369,5.0,4.201766115349323,chat/finetuned,2024.0
Felladrin/Minueza-32M-UltraChat,0.033,-1.4814860601221125,5.0,3.924255988180698,chat/finetuned,2024.0
FlofloB/100k_fineweb_continued_pretraining_Qwen2.5-0.5B-Instruct_Unsloth_merged_16bit,0.5,-0.3010299956639812,5.0,8.550830451075553,pretrained,2024.0
FlofloB/10k_continued_pretraining_Phi-3-mini-4k-instruct_Unsloth_merged_16bit,16.0,1.2041199826559248,5.0,24.04356389387962,pretrained,2024.0
FlofloB/10k_continued_pretraining_Qwen2.5-0.5B-Instruct_Unsloth_merged_16bit,0.5,-0.3010299956639812,5.0,8.363924265648496,pretrained,2024.0
FlofloB/40k_continued_pretraining_Qwen2.5-0.5B-Instruct_Unsloth_merged_16bit,0.5,-0.3010299956639812,5.0,8.381580312764262,pretrained,2024.0
FlofloB/83k_continued_pretraining_Qwen2.5-0.5B-Instruct_Unsloth_merged_16bit,0.5,-0.3010299956639812,5.0,8.427461121141809,pretrained,2024.0
FlofloB/smollm2-135M_pretrained_1000k_fineweb,0.135,-0.8696662315049939,6.0,4.20780841481479,pretrained,2025.0
FlofloB/smollm2-135M_pretrained_1000k_fineweb_uncovai_human_removed,0.135,-0.8696662315049939,6.0,4.06134991308063,pretrained,2025.0
FlofloB/smollm2-135M_pretrained_1000k_fineweb_uncovai_selected,0.135,-0.8696662315049939,6.0,5.055842764583344,pretrained,2025.0
FlofloB/smollm2-135M_pretrained_1200k_fineweb,0.135,-0.8696662315049939,6.0,4.188312239003598,pretrained,2025.0
FlofloB/smollm2-135M_pretrained_1200k_fineweb_uncovai_human_removed,0.135,-0.8696662315049939,6.0,4.280291147523802,pretrained,2025.0
FlofloB/smollm2-135M_pretrained_1200k_fineweb_uncovai_selected,0.135,-0.8696662315049939,6.0,4.03050468089069,pretrained,2025.0
FlofloB/smollm2-135M_pretrained_1400k_fineweb,0.135,-0.8696662315049939,6.0,4.992957353487976,pretrained,2025.0
FlofloB/smollm2-135M_pretrained_1400k_fineweb_uncovai_human_removed,0.135,-0.8696662315049939,6.0,5.063032045008573,pretrained,2025.0
FlofloB/smollm2-135M_pretrained_1400k_fineweb_uncovai_selected,0.135,-0.8696662315049939,6.0,4.624639622707802,pretrained,2025.0
FlofloB/smollm2-135M_pretrained_200k_fineweb_uncovai_human_removed,0.135,-0.8696662315049939,6.0,3.8819679158721776,pretrained,2025.0
FlofloB/smollm2-135M_pretrained_200k_fineweb_uncovai_selected,0.135,-0.8696662315049939,6.0,3.4920262751647098,pretrained,2025.0
FlofloB/smollm2-135M_pretrained_400k_fineweb,0.135,-0.8696662315049939,6.0,4.224944649553536,pretrained,2025.0
FlofloB/smollm2-135M_pretrained_400k_fineweb_uncovai_human_removed,0.135,-0.8696662315049939,6.0,4.710926533341115,pretrained,2025.0
FlofloB/smollm2-135M_pretrained_400k_fineweb_uncovai_selected,0.135,-0.8696662315049939,6.0,4.38733089603933,pretrained,2025.0
FlofloB/smollm2-135M_pretrained_600k_fineweb,0.135,-0.8696662315049939,6.0,4.886739290130319,pretrained,2025.0
FlofloB/smollm2-135M_pretrained_600k_fineweb_uncovai_human_removed,0.135,-0.8696662315049939,6.0,4.644401741390064,pretrained,2025.0
FlofloB/smollm2-135M_pretrained_600k_fineweb_uncovai_selected,0.135,-0.8696662315049939,6.0,4.657606376854525,pretrained,2025.0
FlofloB/smollm2-135M_pretrained_800k_fineweb,0.135,-0.8696662315049939,6.0,4.17450578103981,pretrained,2025.0
FlofloB/smollm2-135M_pretrained_800k_fineweb_uncovai_human_removed,0.135,-0.8696662315049939,6.0,5.03254333671229,pretrained,2025.0
FlofloB/smollm2-135M_pretrained_800k_fineweb_uncovai_selected,0.135,-0.8696662315049939,6.0,4.118739390912178,pretrained,2025.0
FlofloB/smollm2_pretrained_200k_fineweb,0.135,-0.8696662315049939,6.0,4.00559929596115,pretrained,2025.0
FlofloB/test_continued_pretraining_Phi-3-mini-4k-instruct_Unsloth_merged_16bit,16.0,1.2041199826559248,5.0,24.48570245546706,pretrained,2024.0
FuJhen/ft-openhermes-25-mistral-7b-irca-dpo-pairs,14.483,1.1608585306799915,5.0,20.395988185954646,chat/finetuned,2024.0
FuJhen/mistral-instruct-7B-DPO,14.496,1.161248180332738,5.0,19.02953078213065,chat/finetuned,2024.0
FuJhen/mistral_7b_v0.1_structedData_e2e,7.0,0.8450980400142568,5.0,10.909311048443838,chat/finetuned,2024.0
FuJhen/mistral_7b_v0.1_structedData_viggo,14.483,1.1608585306799915,5.0,12.440582510781873,chat/finetuned,2024.0
FuseAI/FuseChat-7B-v2.0,7.242,0.8598585204809929,5.0,20.14636743747765,chat/finetuned,2024.0
FuseAI/FuseChat-Llama-3.1-8B-Instruct,8.03,0.9047155452786809,6.0,28.59550964455965,chat/finetuned,2025.0
GalrionSoftworks/MagnusIntellectus-12B-v1,12.248,1.0880651776902046,5.0,21.773295532025813,其他,2024.0
GenVRadmin/AryaBhatta-GemmaOrca-2-Merged,8.538,0.931356150467928,6.0,14.006450277637631,chat/finetuned,2025.0
GenVRadmin/AryaBhatta-GemmaOrca-Merged,8.538,0.931356150467928,6.0,11.99472750549792,chat/finetuned,2025.0
GenVRadmin/AryaBhatta-GemmaUltra-Merged,8.538,0.931356150467928,6.0,13.28281509458921,chat/finetuned,2025.0
GenVRadmin/llama38bGenZ_Vikas-Merged,8.03,0.9047155452786809,6.0,16.09338316937527,chat/finetuned,2025.0
GoToCompany/gemma2-9b-cpt-sahabatai-v1-instruct,9.242,0.9657659641826862,5.0,32.46826016178984,chat/finetuned,2024.0
GoToCompany/llama3-8b-cpt-sahabatai-v1-instruct,8.03,0.9047155452786809,5.0,23.05939902243402,chat/finetuned,2024.0
Goekdeniz-Guelmez/Josiefied-Qwen2.5-0.5B-Instruct-abliterated-v1,0.63,-0.2006594505464183,5.0,9.768236092545305,chat/finetuned,2024.0
Goekdeniz-Guelmez/Josiefied-Qwen2.5-0.5B-Instruct-abliterated-v1,0.63,-0.2006594505464183,5.0,8.415919404386559,chat/finetuned,2024.0
Goekdeniz-Guelmez/Josiefied-Qwen2.5-1.5B-Instruct-abliterated-v1,1.777,0.2496874278053015,5.0,18.44117473256343,chat/finetuned,2024.0
Goekdeniz-Guelmez/Josiefied-Qwen2.5-1.5B-Instruct-abliterated-v2,1.544,0.18864729599971736,5.0,15.56674922027016,chat/finetuned,2024.0
Goekdeniz-Guelmez/Josiefied-Qwen2.5-1.5B-Instruct-abliterated-v3,1.544,0.18864729599971736,5.0,15.592787360948462,chat/finetuned,2024.0
Goekdeniz-Guelmez/Josiefied-Qwen2.5-14B-Instruct-abliterated-v4,14.77,1.1693804953119495,5.0,42.550065874753976,chat/finetuned,2024.0
Goekdeniz-Guelmez/Josiefied-Qwen2.5-7B-Instruct-abliterated-v2,7.616,0.8817269353764179,5.0,35.31663337889917,chat/finetuned,2024.0
Goekdeniz-Guelmez/j.o.s.i.e.v4o-1.5b-dpo-stage1-v1,1.544,0.18864729599971736,5.0,15.07804770111701,chat/finetuned,2024.0
Goekdeniz-Guelmez/josie-3b-v6.0,3.086,0.4893959217271294,6.0,24.746540779866937,chat/finetuned,2025.0
Goekdeniz-Guelmez/josie-7b-v6.0,7.616,0.8817269353764179,6.0,32.374168071296964,chat/finetuned,2025.0
Goekdeniz-Guelmez/josie-7b-v6.0-step2000,7.616,0.8817269353764179,5.0,26.97043751712353,chat/finetuned,2024.0
Goekdeniz-Guelmez/josie-7b-v6.0-step2000,7.616,0.8817269353764179,5.0,33.83292639490552,chat/finetuned,2024.0
GritLM/GritLM-7B-KTO,7.242,0.8598585204809929,5.0,19.2358949114183,chat/finetuned,2024.0
GritLM/GritLM-8x7B-KTO,46.703,1.669344778673157,5.0,26.2413047085506,chat/finetuned,2024.0
Groq/Llama-3-Groq-8B-Tool-Use,8.03,0.9047155452786809,6.0,21.44560137489326,chat/finetuned,2025.0
Gryphe/Pantheon-RP-1.0-8b-Llama-3,8.03,0.9047155452786809,5.0,16.87312240356046,chat/finetuned,2024.0
Gryphe/Pantheon-RP-1.5-12b-Nemo,12.248,1.0880651776902046,5.0,21.32374664039768,chat/finetuned,2024.0
Gryphe/Pantheon-RP-1.6-12b-Nemo,12.248,1.0880651776902046,5.0,20.56659922855925,chat/finetuned,2024.0
Gryphe/Pantheon-RP-1.6-12b-Nemo-KTO,12.248,1.0880651776902046,5.0,21.558598525492474,chat/finetuned,2024.0
HPAI-BSC/Llama3.1-Aloe-Beta-8B,8.03,0.9047155452786809,5.0,26.524195182673974,chat/finetuned,2024.0
HPAI-BSC/Qwen2.5-Aloe-Beta-7B,7.616,0.8817269353764179,5.0,27.826720985708487,chat/finetuned,2024.0
Hastagaras/L3.2-JametMini-3B-MK.III,3.213,0.5069107255515181,6.0,21.75038505136374,chat/finetuned,2025.0
Hastagaras/Llama-3.1-Jamet-8B-MK.I,8.03,0.9047155452786809,5.0,25.42380601749484,chat/finetuned,2024.0
Hastagaras/Zabuza-8B-Llama-3.1,8.03,0.9047155452786809,5.0,19.92582695678787,其他,2024.0
HelpingAI/Dhanishtha-Large,7.613,0.8815558297933116,6.0,19.889172686673326,chat/finetuned,2025.0
HiroseKoichi/Llama-Salad-4x8B-V3,24.942,1.3969312748898584,5.0,24.922701724199342,其他,2024.0
HoangHa/Pensez-Llama3.1-8B,8.03,0.9047155452786809,6.0,19.04804643436893,chat/finetuned,2025.0
HuggingFaceH4/zephyr-7b-alpha,7.242,0.8598585204809929,5.0,18.598795237504422,chat/finetuned,2024.0
HuggingFaceH4/zephyr-7b-beta,7.242,0.8598585204809929,5.0,17.792237227370464,chat/finetuned,2024.0
HuggingFaceH4/zephyr-orpo-141b-A35b-v0.1,140.621,2.1480501820144804,5.0,34.125963384670946,chat/finetuned,2024.0
HuggingFaceTB/SmolLM-1.7B,1.71,0.23299611039215382,5.0,5.576455936269043,pretrained,2024.0
HuggingFaceTB/SmolLM-1.7B-Instruct,1.71,0.23299611039215382,5.0,5.490688803655309,chat/finetuned,2024.0
HuggingFaceTB/SmolLM-135M,0.13,-0.8860566476931632,5.0,6.951489892134872,pretrained,2024.0
HuggingFaceTB/SmolLM-135M-Instruct,0.135,-0.8696662315049939,5.0,3.652287650202965,chat/finetuned,2024.0
HuggingFaceTB/SmolLM-360M,0.36,-0.44369749923271273,5.0,6.260888857386585,pretrained,2024.0
HuggingFaceTB/SmolLM-360M-Instruct,0.362,-0.4412914294668343,5.0,5.0088989557053685,chat/finetuned,2024.0
HuggingFaceTB/SmolLM2-1.7B,1.71,0.23299611039215382,5.0,9.5836210417532,pretrained,2024.0
HuggingFaceTB/SmolLM2-1.7B-Instruct,1.711,0.23325000954110028,5.0,15.02227766709556,chat/finetuned,2024.0
HuggingFaceTB/SmolLM2-135M,0.135,-0.8696662315049939,5.0,5.695927392648112,pretrained,2024.0
HuggingFaceTB/SmolLM2-135M-Instruct,0.135,-0.8696662315049939,5.0,6.467364720358819,chat/finetuned,2024.0
HuggingFaceTB/SmolLM2-135M-Instruct,0.135,-0.8696662315049939,5.0,3.2065969565576755,chat/finetuned,2024.0
HuggingFaceTB/SmolLM2-360M,0.36,-0.44369749923271273,5.0,6.251282350517303,pretrained,2024.0
HuggingFaceTB/SmolLM2-360M-Instruct,0.362,-0.4412914294668343,5.0,3.1000195398620374,chat/finetuned,2024.0
HuggingFaceTB/SmolLM2-360M-Instruct,0.36,-0.44369749923271273,5.0,8.139566424375877,chat/finetuned,2024.0
HumanLLMs/Humanish-LLama3-8B-Instruct,8.03,0.9047155452786809,5.0,22.678203747779094,chat/finetuned,2024.0
HumanLLMs/Humanish-Mistral-Nemo-Instruct-2407,12.248,1.0880651776902046,5.0,23.888067848972184,chat/finetuned,2024.0
HumanLLMs/Humanish-Qwen2.5-7B-Instruct,7.616,0.8817269353764179,5.0,34.99870743015318,chat/finetuned,2024.0
IDEA-CCNL/Ziya-LLaMA-13B-v1,13.0,1.1139433523068367,5.0,3.9064248386004095,chat/finetuned,2024.0
INSAIT-Institute/BgGPT-Gemma-2-27B-IT-v1.0,27.227,1.4349997913501735,5.0,1.6780628068086922,pretrained,2024.0
IlyaGusev/gemma-2-2b-it-abliterated,2.614,0.4173055832445255,6.0,16.705746365531194,chat/finetuned,2025.0
IlyaGusev/gemma-2-9b-it-abliterated,9.242,0.9657659641826862,6.0,31.294229585782904,chat/finetuned,2025.0
Infinirc/Infinirc-Llama3-8B-2G-Release-v1.0,8.03,0.9047155452786809,5.0,13.16266165602399,chat/finetuned,2024.0
Intel/neural-chat-7b-v3,7.0,0.8450980400142568,5.0,18.069527284193285,chat/finetuned,2024.0
Intel/neural-chat-7b-v3-1,7.242,0.8598585204809929,5.0,21.06792676095294,chat/finetuned,2024.0
Intel/neural-chat-7b-v3-2,7.0,0.8450980400142568,5.0,21.471411168582197,chat/finetuned,2024.0
Intel/neural-chat-7b-v3-3,7.0,0.8450980400142568,5.0,20.557585514141863,chat/finetuned,2024.0
IntervitensInc/internlm2_5-20b-llamafied,19.861,1.298001111407518,5.0,29.216880819026148,pretrained,2024.0
Invalid-Null/PeiYangMe-0.5,6.061,0.7825442840100101,5.0,3.4273672940352,chat/finetuned,2024.0
Invalid-Null/PeiYangMe-0.7,6.061,0.7825442840100101,5.0,4.397279528582866,chat/finetuned,2024.0
Isaak-Carter/JOSIEv4o-8b-stage1-v4,8.03,0.9047155452786809,5.0,15.66808216767364,chat/finetuned,2024.0
Isaak-Carter/JOSIEv4o-8b-stage1-v4,8.03,0.9047155452786809,5.0,15.419272249038904,chat/finetuned,2024.0
Isaak-Carter/Josiefied-Qwen2.5-7B-Instruct-abliterated-v2,7.616,0.8817269353764179,5.0,35.685532582369234,chat/finetuned,2024.0
JackFram/llama-160m,0.162,-0.790484985457369,5.0,4.738129846796396,pretrained,2024.0
JackFram/llama-68m,0.068,-1.1674910872937636,5.0,4.963339700174584,pretrained,2024.0
Jacoby746/Casual-Magnum-34B,34.389,1.5364195471277338,5.0,23.79792072114355,chat/finetuned,2024.0
Jacoby746/Inf-Silent-Kunoichi-v0.1-2x7B,12.879,1.1098821431991013,5.0,20.186181285193417,其他,2024.0
Jacoby746/Inf-Silent-Kunoichi-v0.2-2x7B,12.879,1.1098821431991013,5.0,20.01822829916165,其他,2024.0
Jacoby746/Proto-Athena-4x7B,24.154,1.3829890619644598,5.0,19.77557762348212,其他,2024.0
Jacoby746/Proto-Athena-v0.2-4x7B,24.154,1.3829890619644598,5.0,19.345307494794017,其他,2024.0
Jacoby746/Proto-Harpy-Spark-v0.1-7B,7.242,0.8598585204809929,5.0,19.84999990070571,其他,2024.0
JayHyeon/Qwen-0.5B-DPO-1epoch,0.494,-0.30627305107635305,5.0,7.385732750247261,chat/finetuned,2024.0
JayHyeon/Qwen-0.5B-DPO-5epoch,0.494,-0.30627305107635305,5.0,7.198583184761694,chat/finetuned,2024.0
JayHyeon/Qwen-0.5B-IRPO-1epoch,0.494,-0.30627305107635305,5.0,7.031892544703613,chat/finetuned,2024.0
JayHyeon/Qwen-0.5B-IRPO-5epoch,0.494,-0.30627305107635305,5.0,6.9234686409529,chat/finetuned,2024.0
JayHyeon/Qwen-0.5B-eDPO-1epoch,0.494,-0.30627305107635305,5.0,7.280997177732158,chat/finetuned,2024.0
JayHyeon/Qwen-0.5B-eDPO-5epoch,0.494,-0.30627305107635305,5.0,6.72779460682018,chat/finetuned,2024.0
JayHyeon/Qwen2.5-0.5B-Instruct-SFT,0.63,-0.2006594505464183,5.0,8.158039000338244,chat/finetuned,2024.0
JayHyeon/Qwen2.5-0.5B-Instruct-SFT-DPO-1epoch_v1,0.494,-0.30627305107635305,5.0,8.15078478555964,chat/finetuned,2024.0
JayHyeon/Qwen2.5-0.5B-Instruct-SFT-IRPO-1epoch_v1,0.494,-0.30627305107635305,5.0,8.319017359475316,chat/finetuned,2024.0
JayHyeon/Qwen2.5-0.5B-Instruct-SFT-MDPO-1epoch_v1,0.494,-0.30627305107635305,5.0,7.896219502136105,chat/finetuned,2024.0
JayHyeon/Qwen2.5-0.5B-SFT,0.63,-0.2006594505464183,5.0,6.611058734039895,chat/finetuned,2024.0
JayHyeon/Qwen2.5-0.5B-SFT-1e-4,0.63,-0.2006594505464183,5.0,5.941930910286053,chat/finetuned,2024.0
JayHyeon/Qwen2.5-0.5B-SFT-1e-4-3ep,0.63,-0.2006594505464183,5.0,6.469032763498576,chat/finetuned,2024.0
JayHyeon/Qwen2.5-0.5B-SFT-1e-5,0.63,-0.2006594505464183,5.0,6.664256620538701,chat/finetuned,2024.0
JayHyeon/Qwen2.5-0.5B-SFT-1e-5-3ep,0.63,-0.2006594505464183,5.0,7.740340198303553,chat/finetuned,2024.0
JayHyeon/Qwen2.5-0.5B-SFT-2e-4,0.63,-0.2006594505464183,5.0,5.555176381236881,chat/finetuned,2024.0
JayHyeon/Qwen2.5-0.5B-SFT-2e-4-3ep,0.63,-0.2006594505464183,5.0,5.465283047679917,chat/finetuned,2024.0
JayHyeon/Qwen2.5-0.5B-SFT-2e-5,0.63,-0.2006594505464183,5.0,6.9691100972452,chat/finetuned,2024.0
JayHyeon/Qwen2.5-0.5B-SFT-2e-5-3ep,0.63,-0.2006594505464183,5.0,7.452521242968808,chat/finetuned,2024.0
JayHyeon/Qwen2.5-0.5B-SFT-5e-5,0.63,-0.2006594505464183,5.0,6.609556986596828,chat/finetuned,2024.0
JayHyeon/Qwen2.5-0.5B-SFT-5e-5-3ep,0.63,-0.2006594505464183,5.0,7.074425558693155,chat/finetuned,2024.0
JayHyeon/Qwen2.5-0.5B-SFT-7e-5,0.63,-0.2006594505464183,5.0,6.761335194180454,chat/finetuned,2024.0
JayHyeon/Qwen2.5-0.5B-SFT-7e-5-3ep,0.63,-0.2006594505464183,5.0,6.894032740125938,chat/finetuned,2024.0
JayHyeon/Qwen2.5-0.5B-SFT-DPO-1epoch_v1,0.494,-0.30627305107635305,5.0,6.245597623653178,chat/finetuned,2024.0
JayHyeon/Qwen2.5-0.5B-SFT-MDPO-1epoch_v1,0.494,-0.30627305107635305,5.0,6.644463688191298,chat/finetuned,2024.0
Jimmy19991222/llama-3-8b-instruct-gapo-v2-bert-f1-beta10-gamma0.3-lr1.0e-6-1minus-rerun,8.03,0.9047155452786809,5.0,24.144995316075697,chat/finetuned,2024.0
Jimmy19991222/llama-3-8b-instruct-gapo-v2-bert_f1-beta10-gamma0.3-lr1.0e-6-scale-log,8.03,0.9047155452786809,5.0,24.09614909345055,chat/finetuned,2024.0
Jimmy19991222/llama-3-8b-instruct-gapo-v2-bert_p-beta10-gamma0.3-lr1.0e-6-scale-log,8.03,0.9047155452786809,5.0,23.03715310569549,chat/finetuned,2024.0
Jimmy19991222/llama-3-8b-instruct-gapo-v2-rouge2-beta10-1minus-gamma0.3-rerun,8.03,0.9047155452786809,5.0,24.385612249734205,chat/finetuned,2024.0
Jimmy19991222/llama-3-8b-instruct-gapo-v2-rouge2-beta10-gamma0.3-lr1.0e-6-scale-log,8.03,0.9047155452786809,5.0,24.210850058799164,chat/finetuned,2024.0
Jimmy19991222/llama-3-8b-instruct-gapo-v2-rougeL-beta10-gamma0.3-lr1.0e-6-scale-log,8.03,0.9047155452786809,5.0,24.056972059408523,chat/finetuned,2024.0
Joseph717171/Hermes-3-Llama-3.1-8B_TIES_with_Base_Embeds_Initialized_to_Special_Instruct_Toks_dtypeF32,8.03,0.9047155452786809,5.0,23.25287703936368,chat/finetuned,2024.0
Joseph717171/Llama-3.1-SuperNova-8B-Lite_TIES_with_Base,8.03,0.9047155452786809,5.0,30.245028049214653,chat/finetuned,2024.0
Josephgflowers/Cinder-Phi-2-V1-F16-gguf,2.78,0.4440447959180762,5.0,11.258522615146036,chat/finetuned,2024.0
Josephgflowers/Differential-Attention-Liquid-Metal-Tinyllama,1.1,0.04139268515822508,5.0,5.250959952944556,chat/finetuned,2024.0
Josephgflowers/TinyLlama-Cinder-Agent-v1,1.1,0.04139268515822508,5.0,6.332677189374276,chat/finetuned,2024.0
Josephgflowers/TinyLlama-v1.1-Cinders-World,1.1,0.04139268515822508,5.0,5.683002628938165,chat/finetuned,2024.0
Josephgflowers/TinyLlama_v1.1_math_code-world-test-1,1.1,0.04139268515822508,5.0,2.0028112750677205,chat/finetuned,2024.0
Josephgflowers/Tinyllama-STEM-Cinder-Agent-v1,1.1,0.04139268515822508,5.0,5.683635033220809,chat/finetuned,2024.0
Josephgflowers/Tinyllama-r1,1.1,0.04139268515822508,6.0,5.217266718069099,chat/finetuned,2025.0
JungZoona/T3Q-qwen2.5-14b-v1.0-e3,14.77,1.1693804953119495,6.0,47.09154471380421,chat/finetuned,2025.0
Kimargin/GPT-NEO-1.3B-wiki,1.316,0.1192558892779367,5.0,5.349183189126563,chat/finetuned,2024.0
KingNish/Qwen2.5-0.5b-Test-ft,0.494,-0.30627305107635305,5.0,7.865415598812703,chat/finetuned,2024.0
KingNish/Reasoning-0.5b,0.494,-0.30627305107635305,6.0,7.163893227645488,chat/finetuned,2025.0
KingNish/Reasoning-Llama-3b-v0.1,3.213,0.5069107255515181,5.0,20.212379567792407,chat/finetuned,2024.0
KingNish/qwen-1b-continued,1.277,0.10619089726341525,6.0,4.792600271519794,pretrained,2025.0
KingNish/qwen-1b-continued-v2,1.277,0.10619089726341525,6.0,4.4416424249765365,pretrained,2025.0
KingNish/qwen-1b-continued-v2.1,1.277,0.10619089726341525,6.0,5.461814579103264,pretrained,2025.0
KingNish/qwen-1b-continued-v2.2,1.277,0.10619089726341525,6.0,4.441641963318088,pretrained,2025.0
Kquant03/CognitiveFusion2-4x7B-BF16,24.154,1.3829890619644598,5.0,15.629054867362484,其他,2024.0
Kquant03/L3-Pneuma-8B,8.03,0.9047155452786809,5.0,16.617570099377616,chat/finetuned,2024.0
Kukedlc/NeuralExperiment-7b-MagicCoder-v7.5,7.242,0.8598585204809929,5.0,18.006004625989025,chat/finetuned,2024.0
Kukedlc/NeuralLLaMa-3-8b-ORPO-v0.3,8.03,0.9047155452786809,5.0,17.74874162408916,chat/finetuned,2024.0
Kukedlc/NeuralSynthesis-7B-v0.1,7.242,0.8598585204809929,5.0,20.015676781413077,其他,2024.0
Kukedlc/NeuralSynthesis-7B-v0.3,7.242,0.8598585204809929,5.0,20.095272707991136,其他,2024.0
Kukedlc/NeuralSynthesis-7b-v0.4-slerp,7.242,0.8598585204809929,5.0,19.530512651958592,其他,2024.0
Kukedlc/Qwen-2.5-7b-Spanish-o1-CoT,7.616,0.8817269353764179,5.0,28.57363943059837,chat/finetuned,2024.0
L-RAGE/3_PRYMMAL-ECE-7B-SLERP-V1,1.777,0.2496874278053015,5.0,14.854317212289835,其他,2024.0
LEESM/llama-2-7b-hf-lora-oki100p,6.738,0.8285310066451015,5.0,8.782858998727155,chat/finetuned,2024.0
LEESM/llama-2-7b-hf-lora-oki10p,6.738,0.8285310066451015,5.0,7.168375740980447,chat/finetuned,2024.0
LEESM/llama-3-8b-bnb-4b-kowiki231101,8.03,0.9047155452786809,5.0,9.47249832488312,chat/finetuned,2024.0
LEESM/llama-3-Korean-Bllossom-8B-trexlab-oki10p,8.03,0.9047155452786809,5.0,13.509662923847069,chat/finetuned,2024.0
LLM360/K2,65.286,1.8148200606837404,5.0,14.643753289939289,pretrained,2024.0
LLM360/K2-Chat,65.286,1.8148200606837404,5.0,24.38714515483088,chat/finetuned,2024.0
LLM4Binary/llm4decompile-1.3b-v2,1.346,0.12904505988795806,5.0,6.93902486034668,chat/finetuned,2024.0
Langboat/Mengzi3-8B-Chat,8.03,0.9047155452786809,5.0,20.28829250015946,chat/finetuned,2024.0
LenguajeNaturalAI/leniachat-gemma-2b-v0,2.506,0.39898106665813116,5.0,5.737240998088876,chat/finetuned,2024.0
LenguajeNaturalAI/leniachat-qwen2-1.5B-v0,1.543,0.18836592606314825,5.0,8.580803348718375,chat/finetuned,2024.0
LeroyDyer/LCARS_AI_1x4_003_SuperAI,24.154,1.3829890619644598,5.0,19.518229049313643,chat/finetuned,2024.0
LeroyDyer/LCARS_AI_StarTrek_Computer,7.242,0.8598585204809929,5.0,14.613893572975764,chat/finetuned,2024.0
LeroyDyer/LCARS_TOP_SCORE,7.242,0.8598585204809929,5.0,20.32200540421328,chat/finetuned,2024.0
LeroyDyer/Mixtral_AI_SwahiliTron_7b,7.242,0.8598585204809929,5.0,4.358661915319342,chat/finetuned,2024.0
LeroyDyer/SpydazWeb_AI_CyberTron_Ultra_7b,7.242,0.8598585204809929,5.0,13.566675630986596,chat/finetuned,2024.0
LeroyDyer/SpydazWeb_AI_HumanAGI_002,7.242,0.8598585204809929,6.0,21.01474000615888,chat/finetuned,2025.0
LeroyDyer/SpydazWeb_AI_HumanAI_RP,7.242,0.8598585204809929,5.0,7.78223636896281,chat/finetuned,2024.0
LeroyDyer/_Spydaz_Web_AI_AGI_R1_001,7.242,0.8598585204809929,6.0,18.18569530640989,chat/finetuned,2025.0
LeroyDyer/_Spydaz_Web_AI_AGI_R1_002,7.242,0.8598585204809929,6.0,19.869138876185648,chat/finetuned,2025.0
LeroyDyer/_Spydaz_Web_AI_AGI_R1_OmG_001,7.242,0.8598585204809929,6.0,22.49357945577393,chat/finetuned,2025.0
LeroyDyer/_Spydaz_Web_AI_AGI_R1_OmG_Coder,7.242,0.8598585204809929,6.0,22.644667648469397,chat/finetuned,2025.0
LeroyDyer/_Spydaz_Web_AI_AGI_RP_R1,7.242,0.8598585204809929,6.0,20.102174437145493,chat/finetuned,2025.0
LeroyDyer/_Spydaz_Web_AI_BIBLE_002,7.242,0.8598585204809929,5.0,6.86090172693433,chat/finetuned,2024.0
LightningRodLabs/Flashlight-v1.0,14.66,1.1661339703051092,6.0,40.5748695700393,chat/finetuned,2025.0
Lil-R/2_PRYMMAL-ECE-2B-SLERP-V1,2.614,0.4173055832445255,5.0,21.160448654695188,其他,2024.0
Lil-R/2_PRYMMAL-ECE-2B-SLERP-V2,2.614,0.4173055832445255,5.0,21.073953219725933,其他,2024.0
Lil-R/2_PRYMMAL-ECE-7B-SLERP,7.616,0.8817269353764179,5.0,31.51530852235753,其他,2024.0
Lil-R/2_PRYMMAL-ECE-7B-SLERP-V1,7.616,0.8817269353764179,5.0,3.733001542831197,其他,2024.0
Lil-R/2_PRYMMAL-ECE-7B-SLERP-V2,7.616,0.8817269353764179,5.0,3.733001542831197,其他,2024.0
Lil-R/PRYMMAL-ECE-1B-SLERP-V1,1.777,0.2496874278053015,5.0,14.88329630475093,其他,2024.0
Lil-R/PRYMMAL-ECE-7B-SLERP-V8,7.616,0.8817269353764179,5.0,3.386229392038714,其他,2024.0
LilRg/10PRYMMAL-3B-slerp,3.821,0.5821770376884089,5.0,21.087895754438843,其他,2024.0
LilRg/ECE-1B-merge-PRYMMAL,1.777,0.2496874278053015,5.0,14.497652546900952,其他,2024.0
LilRg/ECE_Finetunning,16.061,1.2057725820984198,5.0,11.987032259556209,chat/finetuned,2024.0
LilRg/PRYMMAL-6B-slerp,3.293,0.5175917307119078,5.0,3.23270592407536,其他,2024.0
LilRg/PRYMMAL-slerp-Merge,3.821,0.5821770376884089,5.0,23.42765486276747,其他,2024.0
LimYeri/CodeMind-Llama3-8B-unsloth_v2-merged,8.03,0.9047155452786809,5.0,22.47290731923821,chat/finetuned,2024.0
LimYeri/CodeMind-Llama3-8B-unsloth_v4-one-DPO-merged,8.03,0.9047155452786809,5.0,21.711489727026887,chat/finetuned,2024.0
LimYeri/CodeMind-Llama3-8B-unsloth_v4-one-merged,8.03,0.9047155452786809,5.0,17.61324636978146,chat/finetuned,2024.0
LimYeri/CodeMind-Llama3.1-8B-unsloth-merged,8.03,0.9047155452786809,5.0,22.317695413728828,chat/finetuned,2024.0
Locutusque/Hercules-6.0-Llama-3.1-8B,8.03,0.9047155452786809,5.0,23.836013153195413,chat/finetuned,2024.0
Locutusque/Hercules-6.1-Llama-3.1-8B,8.03,0.9047155452786809,5.0,22.723248561634563,chat/finetuned,2024.0
Locutusque/Llama-3-NeuralHercules-5.0-8B,8.03,0.9047155452786809,5.0,16.042475909115613,chat/finetuned,2024.0
Locutusque/TinyMistral-248M-v2.5,0.248,-0.6055483191737837,5.0,4.035439468453137,pretrained,2024.0
Luni/StarDust-12b-v1,12.248,1.0880651776902046,5.0,23.44797955440925,其他,2024.0
Luni/StarDust-12b-v2,12.248,1.0880651776902046,5.0,24.215076436734588,其他,2024.0
Lunzima/NQLSG-Qwen2.5-14B-MegaFusion-v4,14.766,1.1692628640864462,6.0,39.28165983782925,chat/finetuned,2025.0
Lunzima/NQLSG-Qwen2.5-14B-MegaFusion-v5,14.766,1.1692628640864462,6.0,40.96266321754947,chat/finetuned,2025.0
Lunzima/NQLSG-Qwen2.5-14B-MegaFusion-v8,14.766,1.1692628640864462,6.0,42.7836905135922,其他,2025.0
Lunzima/NQLSG-Qwen2.5-14B-MegaFusion-v8.7,14.766,1.1692628640864462,6.0,43.09341097373618,其他,2025.0
Lunzima/NQLSG-Qwen2.5-14B-MegaFusion-v8.9,14.766,1.1692628640864462,6.0,42.523098714975845,其他,2025.0
Lunzima/NQLSG-Qwen2.5-14B-MegaFusion-v9.2,14.766,1.1692628640864462,6.0,43.22504860283835,其他,2025.0
Lyte/Llama-3.2-3B-Overthinker,3.213,0.5069107255515181,5.0,21.16747363194216,chat/finetuned,2024.0
M4-ai/TinyMistral-248M-v3,0.248,-0.6055483191737837,5.0,4.20563631018843,pretrained,2024.0
MLP-KTLim/llama-3-Korean-Bllossom-8B,8.03,0.9047155452786809,5.0,20.39691634614766,chat/finetuned,2024.0
Magpie-Align/Llama-3-8B-Magpie-Align-SFT-v0.1,8.03,0.9047155452786809,5.0,15.954087586908154,chat/finetuned,2024.0
Magpie-Align/Llama-3-8B-Magpie-Align-SFT-v0.3,8.03,0.9047155452786809,5.0,17.55322537025943,chat/finetuned,2024.0
Magpie-Align/Llama-3-8B-Magpie-Align-v0.1,8.03,0.9047155452786809,5.0,16.473094269110153,chat/finetuned,2024.0
Magpie-Align/Llama-3-8B-Magpie-Align-v0.1,8.03,0.9047155452786809,5.0,16.484004626097455,chat/finetuned,2024.0
Magpie-Align/Llama-3-8B-Magpie-Align-v0.3,8.03,0.9047155452786809,5.0,17.40249479320385,chat/finetuned,2024.0
Magpie-Align/Llama-3.1-8B-Magpie-Align-SFT-v0.1,8.03,0.9047155452786809,5.0,17.975799245688165,chat/finetuned,2024.0
Magpie-Align/Llama-3.1-8B-Magpie-Align-v0.1,8.03,0.9047155452786809,5.0,17.54685483954604,chat/finetuned,2024.0
Magpie-Align/MagpieLM-8B-Chat-v0.1,8.03,0.9047155452786809,5.0,15.026344312964897,chat/finetuned,2024.0
Magpie-Align/MagpieLM-8B-SFT-v0.1,8.03,0.9047155452786809,5.0,17.78392950063439,chat/finetuned,2024.0
MagusCorp/grpo_lora_enem_llama3_7b,8.03,0.9047155452786809,6.0,21.634388075131117,其他,2025.0
ManoloPueblo/LLM_MERGE_CC2,7.242,0.8598585204809929,5.0,20.747367714260108,其他,2024.0
ManoloPueblo/LLM_MERGE_CC3,7.242,0.8598585204809929,5.0,21.67864029208779,其他,2024.0
Marsouuu/MiniMathExpert-2_61B-ECE-PRYMMAL-Martial,2.614,0.4173055832445255,5.0,12.494620122547149,其他,2024.0
Marsouuu/MistralBase-4x7B-MoE-ECE-PRYMMAL-Martial,24.16,1.3830969299490943,5.0,6.761759514131008,其他,2024.0
Marsouuu/general3B-ECE-PRYMMAL-Martial,3.821,0.5821770376884089,5.0,22.978904737174783,其他,2024.0
Marsouuu/general3Bv2-ECE-PRYMMAL-Martial,7.616,0.8817269353764179,5.0,31.917859287211872,chat/finetuned,2024.0
Marsouuu/lareneg1_78B-ECE-PRYMMAL-Martial,1.777,0.2496874278053015,5.0,15.081989145779028,其他,2024.0
Marsouuu/lareneg3B-ECE-PRYMMAL-Martial,3.821,0.5821770376884089,5.0,23.942055269453448,其他,2024.0
Marsouuu/lareneg3Bv2-ECE-PRYMMAL-Martial,7.616,0.8817269353764179,5.0,32.112665840964375,其他,2024.0
MaziyarPanahi/Calme-4x7B-MoE-v0.1,24.154,1.3829890619644598,5.0,20.02390332852601,其他,2024.0
MaziyarPanahi/Calme-4x7B-MoE-v0.2,24.154,1.3829890619644598,5.0,20.176360946073107,其他,2024.0
MaziyarPanahi/Llama-3-70B-Instruct-v0.1,70.554,1.8485216407506466,5.0,26.33391343739024,chat/finetuned,2024.0
MaziyarPanahi/Qwen1.5-MoE-A2.7B-Wikihow,14.316,1.1558216897179667,5.0,12.325434589632,chat/finetuned,2024.0
MaziyarPanahi/Qwen2-7B-Instruct-v0.1,7.616,0.8817269353764179,5.0,22.98150895877193,chat/finetuned,2024.0
MaziyarPanahi/Qwen2-7B-Instruct-v0.8,7.616,0.8817269353764179,5.0,19.558137588276004,chat/finetuned,2024.0
MaziyarPanahi/calme-2.1-phi3-4b,3.821,0.5821770376884089,5.0,25.985365252885945,chat/finetuned,2024.0
MaziyarPanahi/calme-2.1-phi3.5-4b,3.821,0.5821770376884089,5.0,28.000378443622285,chat/finetuned,2024.0
MaziyarPanahi/calme-2.1-qwen2-7b,7.616,0.8817269353764179,5.0,23.5418799100886,chat/finetuned,2024.0
MaziyarPanahi/calme-2.1-rys-78b,77.965,1.891899683226219,5.0,44.64399850290042,chat/finetuned,2024.0
MaziyarPanahi/calme-2.2-llama3-70b,70.554,1.8485216407506466,5.0,38.14006369052438,chat/finetuned,2024.0
MaziyarPanahi/calme-2.2-phi3-4b,3.821,0.5821770376884089,5.0,25.232640533631116,chat/finetuned,2024.0
MaziyarPanahi/calme-2.2-qwen2-7b,7.616,0.8817269353764179,5.0,23.58331943928233,chat/finetuned,2024.0
MaziyarPanahi/calme-2.2-rys-78b,77.965,1.891899683226219,5.0,44.38633440385336,chat/finetuned,2024.0
MaziyarPanahi/calme-2.3-llama3-70b,70.554,1.8485216407506466,5.0,37.067032265745496,chat/finetuned,2024.0
MaziyarPanahi/calme-2.3-phi3-4b,3.821,0.5821770376884089,5.0,24.981612770364112,chat/finetuned,2024.0
MaziyarPanahi/calme-2.3-qwen2-7b,7.616,0.8817269353764179,5.0,23.08170100435127,chat/finetuned,2024.0
MaziyarPanahi/calme-2.3-rys-78b,77.965,1.891899683226219,5.0,44.55737382877077,chat/finetuned,2024.0
MaziyarPanahi/calme-2.4-llama3-70b,70.554,1.8485216407506466,5.0,32.48622524876468,chat/finetuned,2024.0
MaziyarPanahi/calme-2.4-qwen2-7b,7.616,0.8817269353764179,5.0,22.85144077010553,chat/finetuned,2024.0
MaziyarPanahi/calme-2.4-rys-78b,77.965,1.891899683226219,5.0,50.76504719022304,chat/finetuned,2024.0
MaziyarPanahi/calme-2.5-qwen2-7b,7.616,0.8817269353764179,5.0,22.6595386850518,chat/finetuned,2024.0
MaziyarPanahi/calme-2.6-qwen2-7b,7.616,0.8817269353764179,5.0,21.23233085446529,chat/finetuned,2024.0
MaziyarPanahi/calme-2.7-qwen2-7b,7.616,0.8817269353764179,5.0,22.35526715111473,chat/finetuned,2024.0
MaziyarPanahi/calme-3.1-llamaloi-3b,3.213,0.5069107255515181,5.0,24.0933506270088,chat/finetuned,2024.0
Minami-su/Amara-o1-7B-Qwen,7.616,0.8817269353764179,6.0,34.488976713679584,chat/finetuned,2025.0
Minami-su/Amara-o2-7B-Qwen,7.616,0.8817269353764179,6.0,31.034506834602485,chat/finetuned,2025.0
ModelCloud/Llama-3.2-1B-Instruct-gptqmodel-4bit-vortex-v1,5.453,0.7366354976868213,6.0,12.430004377968435,chat/finetuned,2025.0
ModelSpace/GemmaX2-28-9B-v0.1,10.159,1.006850960324272,6.0,5.991108905848541,chat/finetuned,2025.0
MoonRide/Llama-3.2-3B-Khelavaster,3.607,0.5571461423183631,6.0,20.144904682630184,其他,2025.0
MultivexAI/Gladiator-Mini-Exp-1211-3B,3.213,0.5069107255515181,5.0,22.27221013046616,chat/finetuned,2024.0
MultivexAI/Gladiator-Mini-Exp-1221-3B-Instruct,3.213,0.5069107255515181,5.0,20.11435226147892,chat/finetuned,2024.0
MultivexAI/Gladiator-Mini-Exp-1221-3B-Instruct-V2,3.213,0.5069107255515181,5.0,20.415195595809838,chat/finetuned,2024.0
MultivexAI/Gladiator-Mini-Exp-1222-3B-Instruct,3.213,0.5069107255515181,5.0,20.35308859293152,chat/finetuned,2024.0
Mxode/NanoLM-0.3B-Instruct-v1,0.315,-0.5016894462103995,5.0,5.737739264323998,chat/finetuned,2024.0
Mxode/NanoLM-0.3B-Instruct-v1.1,0.315,-0.5016894462103995,5.0,5.974298608437977,chat/finetuned,2024.0
Mxode/NanoLM-0.3B-Instruct-v2,0.315,-0.5016894462103995,5.0,5.01367055199107,chat/finetuned,2024.0
Mxode/NanoLM-1B-Instruct-v1.1,1.076,0.0318122713303704,5.0,6.756723242219516,chat/finetuned,2024.0
Mxode/NanoLM-1B-Instruct-v2,1.076,0.0318122713303704,5.0,7.35441459615685,chat/finetuned,2024.0
NAPS-ai/naps-gemma-2-27b-v-0.1.0,27.227,1.4349997913501735,5.0,1.6796019124036488,chat/finetuned,2024.0
NAPS-ai/naps-gemma-2-27b-v0.1.0,27.227,1.4349997913501735,5.0,1.6796019124036488,chat/finetuned,2024.0
NAPS-ai/naps-llama-3_1-8b-instruct-v0.3,8.03,0.9047155452786809,5.0,23.27833752065767,chat/finetuned,2024.0
NAPS-ai/naps-llama-3_1-8b-instruct-v0.4,8.03,0.9047155452786809,5.0,27.71508453774743,chat/finetuned,2024.0
NAPS-ai/naps-llama-3_1-instruct-v0.5.0,8.03,0.9047155452786809,5.0,16.000822862572466,chat/finetuned,2024.0
NAPS-ai/naps-llama-3_1_instruct-v0.6.0,8.03,0.9047155452786809,5.0,15.779501356421212,chat/finetuned,2024.0
NAPS-ai/naps-llama3.1-70B-v0.2-fp16,70.761,1.8497939617647225,5.0,4.215465224433852,chat/finetuned,2024.0
NCSOFT/Llama-VARCO-8B-Instruct,8.03,0.9047155452786809,5.0,20.98350927266516,chat/finetuned,2024.0
NLPark/B-and-W_Flycatcher-3AD1E,14.77,1.1693804953119495,5.0,30.46733295261729,chat/finetuned,2024.0
NLPark/Shi-Ci-Robin-Test_3AD80,70.554,1.8485216407506466,5.0,39.234122021270416,chat/finetuned,2024.0
NTQAI/NxMobileLM-1.5B-SFT,1.544,0.18864729599971736,6.0,18.734829287552035,chat/finetuned,2025.0
NYTK/PULI-LlumiX-32K,6.738,0.8285310066451015,5.0,6.519109356715034,pretrained,2024.0
NbAiLab/nb-llama-3.1-8B-sft,8.03,0.9047155452786809,5.0,8.180260967339196,chat/finetuned,2024.0
Nekochu/Llama-3.1-8B-German-ORPO,8.03,0.9047155452786809,5.0,23.254052215833838,chat/finetuned,2024.0
Nekochu/Llama-3.1-8B-french-DPO,8.03,0.9047155452786809,5.0,21.701292312420733,chat/finetuned,2024.0
Nekochu/Luminia-13B-v3,13.016,1.1144775399288023,5.0,11.635076640566735,chat/finetuned,2024.0
Nekochu/Luminia-8B-RP,8.03,0.9047155452786809,5.0,24.61809279716832,chat/finetuned,2024.0
Nexesenex/Dolphin3.0-Llama3.1-1B-abliterated,1.236,0.09201847075279702,6.0,11.3783917872545,其他,2025.0
Nexesenex/Llama_3.1_8b_DeepDive_3_Prev_v1.0,8.03,0.9047155452786809,6.0,26.648390871227136,其他,2025.0
Nexesenex/Llama_3.1_8b_DeepDive_3_R1_Prev_v1.0,8.03,0.9047155452786809,6.0,27.472783833453928,其他,2025.0
Nexesenex/Llama_3.1_8b_DobHerWild_R1_v1.1R,8.03,0.9047155452786809,6.0,29.728397716509164,其他,2025.0
Nexesenex/Llama_3.1_8b_DoberWild_v2.01,8.031,0.9047696259065952,6.0,30.16438239831213,其他,2025.0
Nexesenex/Llama_3.1_8b_DoberWild_v2.02,8.03,0.9047155452786809,6.0,29.47563015963895,其他,2025.0
Nexesenex/Llama_3.1_8b_DoberWild_v2.03,8.03,0.9047155452786809,6.0,29.82476968118114,其他,2025.0
Nexesenex/Llama_3.1_8b_DodoWild_v2.01,8.031,0.9047696259065952,6.0,30.309648600363573,其他,2025.0
Nexesenex/Llama_3.1_8b_DodoWild_v2.02,8.03,0.9047155452786809,6.0,30.73355916962436,其他,2025.0
Nexesenex/Llama_3.1_8b_DodoWild_v2.03,8.03,0.9047155452786809,6.0,30.60438973869286,其他,2025.0
Nexesenex/Llama_3.1_8b_DodoWild_v2.10,8.03,0.9047155452786809,6.0,30.406547342023725,其他,2025.0
Nexesenex/Llama_3.1_8b_Dolermed_R1_V1.01,8.03,0.9047155452786809,6.0,29.312043044222406,其他,2025.0
Nexesenex/Llama_3.1_8b_Dolermed_R1_V1.03,8.03,0.9047155452786809,6.0,29.78932292513281,其他,2025.0
Nexesenex/Llama_3.1_8b_Dolermed_V1.01,8.031,0.9047696259065952,6.0,23.45268314376055,其他,2025.0
Nexesenex/Llama_3.1_8b_Dolerstormed_V1.04,8.03,0.9047155452786809,6.0,30.11303338680009,其他,2025.0
Nexesenex/Llama_3.1_8b_Hermedash_R1_V1.04,8.03,0.9047155452786809,6.0,30.277769930189056,其他,2025.0
Nexesenex/Llama_3.1_8b_Hermedive_R1_V1.01,8.03,0.9047155452786809,6.0,23.809186985379387,其他,2025.0
Nexesenex/Llama_3.1_8b_Hermedive_R1_V1.03,8.03,0.9047155452786809,6.0,26.50163295870381,其他,2025.0
Nexesenex/Llama_3.1_8b_Hermedive_V1.01,8.031,0.9047696259065952,6.0,22.78885888839048,其他,2025.0
Nexesenex/Llama_3.1_8b_Mediver_V1.01,8.031,0.9047696259065952,6.0,11.984272459370358,其他,2025.0
Nexesenex/Llama_3.1_8b_Medusa_v1.01,8.031,0.9047696259065952,6.0,27.38168287785029,其他,2025.0
Nexesenex/Llama_3.1_8b_Smarteaz_0.2_R1,8.03,0.9047155452786809,6.0,28.105107642426063,其他,2025.0
Nexesenex/Llama_3.1_8b_Smarteaz_V1.01,8.03,0.9047155452786809,6.0,30.62363412318741,其他,2025.0
Nexesenex/Llama_3.1_8b_Stormeder_v1.04,8.03,0.9047155452786809,6.0,29.709951883012703,其他,2025.0
Nexesenex/Llama_3.1_8b_Typhoon_v1.03,8.03,0.9047155452786809,6.0,30.63480151106757,其他,2025.0
Nexesenex/Llama_3.2_1b_AquaSyn_0.1,1.498,0.17551181336344768,6.0,6.988906174606645,其他,2025.0
Nexesenex/Llama_3.2_1b_Dolto_0.1,1.498,0.17551181336344768,6.0,11.865611272101535,其他,2025.0
Nexesenex/Llama_3.2_1b_Odyssea_V1,1.498,0.17551181336344768,6.0,5.724136311067048,其他,2025.0
Nexesenex/Llama_3.2_1b_OpenTree_R1_0.1,1.498,0.17551181336344768,6.0,12.343255865705624,其他,2025.0
Nexesenex/Llama_3.2_1b_OrcaSun_V1,1.498,0.17551181336344768,6.0,14.801537525133924,其他,2025.0
Nexesenex/Llama_3.2_1b_RandomLego_RP_R1_0.1,1.498,0.17551181336344768,6.0,12.811633255227909,其他,2025.0
Nexesenex/Llama_3.2_1b_SunOrca_V1,1.498,0.17551181336344768,6.0,14.008724276561884,其他,2025.0
Nexesenex/Llama_3.2_1b_Sydonia_0.1,1.498,0.17551181336344768,6.0,5.524505982897409,其他,2025.0
Nexesenex/Llama_3.2_1b_Syneridol_0.2,1.498,0.17551181336344768,6.0,5.41209307631663,其他,2025.0
Nexesenex/Llama_3.2_1b_Synopsys_0.1,1.498,0.17551181336344768,6.0,4.959888823517752,其他,2025.0
Nexesenex/Llama_3.2_3b_Kermes_v1,3.213,0.5069107255515181,6.0,17.069896218578325,其他,2025.0
Nexesenex/Llama_3.2_3b_Kermes_v2,3.213,0.5069107255515181,6.0,18.49497166284455,其他,2025.0
Nexesenex/Llama_3.2_3b_Kermes_v2.1,3.213,0.5069107255515181,6.0,18.90711773153537,其他,2025.0
Nexesenex/pankajmathur_orca_mini_v9_6_1B-instruct-Abliterated-LPL,1.236,0.09201847075279702,6.0,15.011891964697456,其他,2025.0
NikolaSigmoid/AceMath-1.5B-Instruct-dolphin-r1-200,0.928,-0.032452023781137915,6.0,4.389863637734279,chat/finetuned,2025.0
NikolaSigmoid/DeepSeek-R1-Distill-Qwen-1.5B-500,1.157,0.06333335895174956,6.0,3.5788564701687924,chat/finetuned,2025.0
NikolaSigmoid/acemath-200,1.791,0.2530955858490315,6.0,17.507477680245945,chat/finetuned,2025.0
NikolaSigmoid/phi-4-14b,14.704,1.1674354940420362,6.0,29.913839706837063,chat/finetuned,2025.0
NikolaSigmoid/phi-4-1steps,14.704,1.1674354940420362,6.0,29.87038792129772,chat/finetuned,2025.0
NikolaSigmoid/phi-4-300steps,14.704,1.1674354940420362,6.0,29.960260183698757,chat/finetuned,2025.0
NotASI/FineTome-Llama3.2-1B-0929,1.236,0.09201847075279702,5.0,9.953180599897282,chat/finetuned,2024.0
NotASI/FineTome-Llama3.2-3B-1002,3.0,0.47712125471966244,5.0,16.7624003049829,chat/finetuned,2024.0
NotASI/FineTome-v1.5-Llama3.2-1B-1007,1.236,0.09201847075279702,5.0,9.24257019295171,chat/finetuned,2024.0
NotASI/FineTome-v1.5-Llama3.2-3B-1007,3.213,0.5069107255515181,5.0,17.113696212626593,chat/finetuned,2024.0
NousResearch/DeepHermes-3-Mistral-24B-Preview,23.572,1.3723964324231115,6.0,31.98701372074271,chat/finetuned,2025.0
NousResearch/Hermes-2-Pro-Llama-3-8B,8.031,0.9047696259065952,5.0,22.06997572152565,chat/finetuned,2024.0
NousResearch/Hermes-2-Pro-Mistral-7B,7.242,0.8598585204809929,5.0,21.84057680720769,chat/finetuned,2024.0
NousResearch/Hermes-2-Theta-Llama-3-8B,8.03,0.9047155452786809,5.0,24.78837646080699,chat/finetuned,2024.0
NousResearch/Hermes-3-Llama-3.1-70B,70.554,1.8485216407506466,5.0,38.51477067349896,chat/finetuned,2024.0
NousResearch/Hermes-3-Llama-3.1-8B,8.03,0.9047155452786809,5.0,23.49087671148001,chat/finetuned,2024.0
NousResearch/Hermes-3-Llama-3.2-3B,3.213,0.5069107255515181,5.0,15.242119392530276,chat/finetuned,2024.0
NousResearch/Nous-Hermes-2-Mistral-7B-DPO,7.242,0.8598585204809929,5.0,21.10058697437334,chat/finetuned,2024.0
NousResearch/Nous-Hermes-2-Mixtral-8x7B-DPO,46.703,1.669344778673157,5.0,27.353190438571637,chat/finetuned,2024.0
NousResearch/Nous-Hermes-2-Mixtral-8x7B-SFT,46.703,1.669344778673157,5.0,21.841010891461725,chat/finetuned,2024.0
NousResearch/Nous-Hermes-2-SOLAR-10.7B,10.732,1.0306806639999013,5.0,23.412543159550665,chat/finetuned,2024.0
NousResearch/Nous-Hermes-llama-2-7b,6.738,0.8285310066451015,5.0,9.316715938919105,chat/finetuned,2024.0
NousResearch/Yarn-Mistral-7b-128k,7.0,0.8450980400142568,5.0,13.268755393260784,pretrained,2024.0
NousResearch/Yarn-Mistral-7b-64k,7.0,0.8450980400142568,5.0,13.540457995525928,pretrained,2024.0
NousResearch/Yarn-Solar-10b-32k,10.0,1.0,5.0,15.721261422706204,pretrained,2024.0
NousResearch/Yarn-Solar-10b-64k,10.0,1.0,5.0,15.162050446653282,pretrained,2024.0
Novaciano/La_Mejor_Mezcla-3.2-1B,1.498,0.17551181336344768,6.0,14.056697294328709,其他,2025.0
NucleusAI/nucleus-22B-token-500B,21.828,1.3390139451111085,5.0,1.6334163485881146,pretrained,2024.0
OEvortex/Emotional-llama-8B,8.03,0.9047155452786809,5.0,17.789126430453027,其他,2024.0
OmnicromsBrain/NeuralStar_FusionWriter_4x7b,24.154,1.3829890619644598,5.0,20.071645037035577,其他,2024.0
OnlyCheeini/greesychat-turbo,8.03,0.9047155452786809,5.0,1.8020688847846804,chat/finetuned,2024.0
Open-Orca/Mistral-7B-OpenOrca,7.0,0.8450980400142568,5.0,17.72165111279921,chat/finetuned,2024.0
OpenAssistant/oasst-sft-1-pythia-12b,12.0,1.0791812460476249,5.0,3.681830493398632,chat/finetuned,2024.0
OpenBuddy/openbuddy-llama3.2-1b-v23.1-131k,1.498,0.17551181336344768,5.0,9.350033548941015,chat/finetuned,2024.0
OpenBuddy/openbuddy-llama3.2-3b-v23.2-131k,3.607,0.5571461423183631,5.0,13.797653889948387,chat/finetuned,2024.0
OpenBuddy/openbuddy-llama3.3-70b-v24.1-131k,70.554,1.8485216407506466,5.0,45.73679489100153,chat/finetuned,2024.0
OpenBuddy/openbuddy-mixtral-7bx8-v18.1-32k,46.741,1.6696979996658812,5.0,22.32980884946828,chat/finetuned,2024.0
OpenBuddy/openbuddy-nemotron-70b-v23.1-131k,70.554,1.8485216407506466,5.0,39.78505127265852,chat/finetuned,2024.0
OpenBuddy/openbuddy-nemotron-70b-v23.2-131k,70.554,1.8485216407506466,5.0,39.234122021270416,chat/finetuned,2024.0
OpenBuddy/openbuddy-qwen2.5llamaify-14b-v23.1-200k,14.77,1.1693804953119495,5.0,32.52829892906403,chat/finetuned,2024.0
OpenBuddy/openbuddy-qwen2.5llamaify-14b-v23.3-200k,14.77,1.1693804953119495,5.0,32.29791522872073,chat/finetuned,2024.0
OpenBuddy/openbuddy-qwen2.5llamaify-7b-v23.1-200k,7.615,0.8816699076720614,5.0,27.863254758763023,chat/finetuned,2024.0
OpenBuddy/openbuddy-qwq-32b-v24.1-200k,32.764,1.5153969172605857,5.0,39.96232491540321,chat/finetuned,2024.0
OpenBuddy/openbuddy-qwq-32b-v24.2-200k,32.764,1.5153969172605857,5.0,39.56011201711714,chat/finetuned,2024.0
OpenBuddy/openbuddy-yi1.5-34b-v21.3-32k,34.407,1.536646807458353,5.0,30.92470371318825,chat/finetuned,2024.0
OpenGenerativeAI/Bifrost,14.66,1.1661339703051092,6.0,37.14746413152554,chat/finetuned,2025.0
OpenGenerativeAI/Bifrost-14B,14.66,1.1661339703051092,6.0,37.39963457924099,chat/finetuned,2025.0
OpenLLM-France/Lucie-7B,6.707,0.8265283063406516,6.0,8.611731815760395,pretrained,2025.0
OpenLLM-France/Lucie-7B-Instruct-human-data,6.707,0.8265283063406516,6.0,8.574866924872492,chat/finetuned,2025.0
OpenLLM-France/Lucie-7B-Instruct-v1.1,6.707,0.8265283063406516,6.0,10.999352587987945,chat/finetuned,2025.0
OpenScholar/Llama-3.1_OpenScholar-8B,8.0,0.9030899869919435,5.0,25.961332257431867,chat/finetuned,2024.0
Orenguteng/Llama-3.1-8B-Lexi-Uncensored,8.03,0.9047155452786809,5.0,27.17511614274033,chat/finetuned,2024.0
Orenguteng/Llama-3.1-8B-Lexi-Uncensored-V2,8.03,0.9047155452786809,5.0,28.390881228317323,chat/finetuned,2024.0
Orion-zhen/Qwen2.5-7B-Instruct-Uncensored,7.616,0.8817269353764179,5.0,35.71881524964477,chat/finetuned,2024.0
Orion-zhen/phi-4-abliterated,14.66,1.1661339703051092,5.0,29.97907708859114,chat/finetuned,2024.0
P0x0/Astra-v1-12B,12.248,1.0880651776902046,5.0,19.737240466519605,chat/finetuned,2024.0
PJMixers/LLaMa-3-CursedStock-v2.0-8B,8.03,0.9047155452786809,5.0,24.166133893343385,其他,2024.0
PJMixers-Dev/LLaMa-3.1-Instruct-Interleaved-Zeroed-13B,13.047,1.1155106623849984,5.0,28.894562181103485,chat/finetuned,2024.0
PJMixers-Dev/LLaMa-3.2-Instruct-JankMix-v0.1-SFT-3B,3.213,0.5069107255515181,5.0,22.701739941091272,chat/finetuned,2024.0
PJMixers-Dev/LLaMa-3.2-Instruct-JankMix-v0.2-SFT-3B,3.213,0.5069107255515181,5.0,21.772674131965854,chat/finetuned,2024.0
PJMixers-Dev/LLaMa-3.2-Instruct-JankMix-v0.2-SFT-HailMary-v0.1-KTO-3B,3.213,0.5069107255515181,5.0,21.826266808747885,chat/finetuned,2024.0
PJMixers-Dev/LLaMa-3.2-Instruct-JankMixBread-v0.1-3B,3.213,0.5069107255515181,5.0,19.737295916446044,其他,2024.0
Pinkstack/PARM-V1.5-base-QwQ-Qwen-2.5-o1-3B,3.086,0.4893959217271294,6.0,23.92876945667705,chat/finetuned,2025.0
Pinkstack/SuperThoughts-CoT-14B-16k-o1-QwQ,14.66,1.1661339703051092,6.0,31.36951233941903,chat/finetuned,2025.0
Pinkstack/Superthoughts-lite-1.8B-experimental-o1,1.812,0.25815819334079426,6.0,5.104091175053128,pretrained,2025.0
Pinkstack/Superthoughts-lite-v1,1.711,0.23325000954110028,6.0,7.399417613485791,chat/finetuned,2025.0
PocketDoc/Dans-PersonalityEngine-V1.1.0-12b,12.248,1.0880651776902046,5.0,27.044944332447237,chat/finetuned,2024.0
PocketDoc/Dans-PersonalityEngine-V1.2.0-24b,23.572,1.3723964324231115,6.0,36.3754641013882,chat/finetuned,2025.0
PocketDoc/Dans-PersonalityEngine-v1.0.0-8b,8.03,0.9047155452786809,5.0,19.207416194838743,chat/finetuned,2024.0
PocketDoc/Dans-SakuraKaze-V1.0.0-12b,12.248,1.0880651776902046,6.0,27.119777597401505,chat/finetuned,2025.0
PranavHarshan/LaMistral-V4,8.03,0.9047155452786809,5.0,24.21076517685928,chat/finetuned,2024.0
Pretergeek/OpenChat-3.5-0106_10.7B_48Layers-Appended,10.732,1.0306806639999013,5.0,22.735876089495267,其他,2024.0
Pretergeek/OpenChat-3.5-0106_10.7B_48Layers-Interleaved,10.732,1.0306806639999013,5.0,22.671701605771236,chat/finetuned,2024.0
Pretergeek/OpenChat-3.5-0106_32K-PoSE,7.242,0.8598585204809929,5.0,12.903680149442671,chat/finetuned,2024.0
Pretergeek/OpenChat-3.5-0106_8.11B_36Layers-Appended,8.114,0.9092350033683074,5.0,22.761271669519232,其他,2024.0
Pretergeek/OpenChat-3.5-0106_8.11B_36Layers-Interleaved,8.114,0.9092350033683074,5.0,22.630312716882344,chat/finetuned,2024.0
Pretergeek/OpenChat-3.5-0106_8.99B_40Layers-Appended,8.987,0.9536147416906405,5.0,22.735876089495267,其他,2024.0
Pretergeek/OpenChat-3.5-0106_8.99B_40Layers-Interleaved,8.987,0.9536147416906405,5.0,22.65570829690631,chat/finetuned,2024.0
Pretergeek/OpenChat-3.5-0106_9.86B_44Layers-Appended,9.859,0.9938328666139862,5.0,22.735876089495267,其他,2024.0
Pretergeek/openchat-3.5-0106_Rebased_Mistral-7B-v0.2,7.242,0.8598585204809929,5.0,16.052276387715246,chat/finetuned,2024.0
PrimeIntellect/INTELLECT-1,10.211,1.0090682761922185,5.0,3.806301801901869,pretrained,2024.0
PrimeIntellect/INTELLECT-1,10.211,1.0090682761922185,5.0,4.016002158495076,pretrained,2024.0
PrimeIntellect/INTELLECT-1-Instruct,10.211,1.0090682761922185,5.0,1.4059110426100174,chat/finetuned,2024.0
Quazim0t0/Imagine-v0.5-16bit,14.66,1.1661339703051092,6.0,28.789019815038216,chat/finetuned,2025.0
Quazim0t0/Phi4.Turn.R1Distill.16bit,14.66,1.1661339703051092,6.0,27.502616984496523,chat/finetuned,2025.0
Quazim0t0/Phi4.Turn.R1Distill_v1.5.1-Tensors,14.66,1.1661339703051092,6.0,26.053651878084437,chat/finetuned,2025.0
Quazim0t0/ThinkPhi1.1-Tensors,14.66,1.1661339703051092,6.0,27.93499270632092,chat/finetuned,2025.0
Qwen/QwQ-32B,32.764,1.5153969172605857,6.0,12.21487061660057,chat/finetuned,2025.0
Qwen/QwQ-32B-Preview,32.764,1.5153969172605857,5.0,34.11985336826446,chat/finetuned,2024.0
Qwen/Qwen2-0.5B,0.494,-0.30627305107635305,5.0,7.224121473565234,pretrained,2024.0
Qwen/Qwen2-0.5B-Instruct,0.494,-0.30627305107635305,5.0,6.586780633287707,chat/finetuned,2024.0
Qwen/Qwen2-1.5B,1.544,0.18864729599971736,5.0,10.445452935561454,pretrained,2024.0
Qwen/Qwen2-1.5B-Instruct,1.544,0.18864729599971736,5.0,14.141936815181689,chat/finetuned,2024.0
Qwen/Qwen2-57B-A14B,57.409,1.7589799820136856,5.0,25.0338731324107,pretrained,2024.0
Qwen/Qwen2-57B-A14B-Instruct,57.409,1.7589799820136856,5.0,33.015868823547095,chat/finetuned,2024.0
Qwen/Qwen2-7B,7.616,0.8817269353764179,5.0,23.9251621404824,pretrained,2024.0
Qwen/Qwen2-7B-Instruct,7.616,0.8817269353764179,5.0,27.93668778218485,chat/finetuned,2024.0
Qwen/Qwen2-Math-7B,7.616,0.8817269353764179,5.0,12.016921148016648,chat/finetuned,2024.0
Qwen/Qwen2-VL-7B-Instruct,8.291,0.9186069151449819,5.0,26.493258763428177,其他,2024.0
Qwen/Qwen2.5-0.5B,0.5,-0.3010299956639812,5.0,6.550067614297009,pretrained,2024.0
Qwen/Qwen2.5-0.5B-Instruct,0.5,-0.3010299956639812,5.0,8.140647319276075,chat/finetuned,2024.0
Qwen/Qwen2.5-0.5B-Instruct,0.494,-0.30627305107635305,5.0,10.107543850719257,chat/finetuned,2024.0
Qwen/Qwen2.5-1.5B,1.5,0.17609125905568124,5.0,13.852701161320264,pretrained,2024.0
Qwen/Qwen2.5-1.5B-Instruct,1.5,0.17609125905568124,5.0,18.430509141644382,chat/finetuned,2024.0
Qwen/Qwen2.5-14B,14.77,1.1693804953119495,5.0,31.951062693148973,pretrained,2024.0
Qwen/Qwen2.5-14B-Instruct,14.77,1.1693804953119495,5.0,41.30945747711163,chat/finetuned,2024.0
Qwen/Qwen2.5-14B-Instruct-1M,14.77,1.1693804953119495,6.0,41.559026792386994,chat/finetuned,2025.0
Qwen/Qwen2.5-32B,32.764,1.5153969172605857,5.0,38.00796730514634,pretrained,2024.0
Qwen/Qwen2.5-32B-Instruct,32.764,1.5153969172605857,5.0,46.59714569921449,chat/finetuned,2024.0
Qwen/Qwen2.5-7B,7.616,0.8817269353764179,5.0,26.019159924095096,pretrained,2024.0
Qwen/Qwen2.5-7B-Instruct,7.616,0.8817269353764179,5.0,35.200108659947965,chat/finetuned,2024.0
Qwen/Qwen2.5-7B-Instruct-1M,7.616,0.8817269353764179,6.0,32.76394723937119,chat/finetuned,2025.0
Qwen/Qwen2.5-Coder-14B,14.77,1.1693804953119495,5.0,24.82905228038836,pretrained,2024.0
Qwen/Qwen2.5-Coder-14B-Instruct,14.77,1.1693804953119495,5.0,32.12283417812606,chat/finetuned,2024.0
Qwen/Qwen2.5-Coder-32B,32.764,1.5153969172605857,5.0,33.2623633375386,pretrained,2024.0
Qwen/Qwen2.5-Coder-32B-Instruct,32.764,1.5153969172605857,5.0,39.8854717744228,chat/finetuned,2024.0
Qwen/Qwen2.5-Coder-7B,7.616,0.8817269353764179,5.0,19.20949053896225,pretrained,2024.0
Qwen/Qwen2.5-Coder-7B-Instruct,7.616,0.8817269353764179,5.0,28.05232118270496,chat/finetuned,2024.0
Qwen/Qwen2.5-Coder-7B-Instruct,7.616,0.8817269353764179,5.0,22.52451581645211,chat/finetuned,2024.0
Qwen/Qwen2.5-Math-1.5B-Instruct,1.544,0.18864729599971736,6.0,12.024869614820515,chat/finetuned,2025.0
Qwen/Qwen2.5-Math-7B,7.616,0.8817269353764179,5.0,17.836657156289718,pretrained,2024.0
Qwen/Qwen2.5-Math-7B-Instruct,7.0,0.8450980400142568,5.0,21.76814573761254,chat/finetuned,2024.0
RESMPDEV/EVA-Qwen2.5-1.5B-FRFR,1.544,0.18864729599971736,6.0,14.185076993762264,chat/finetuned,2025.0
RESMPDEV/Qwen2-Wukong-0.5B,0.63,-0.2006594505464183,5.0,4.975539710746782,chat/finetuned,2024.0
RLHFlow/ArmoRM-Llama3-8B-v0.1,7.511,0.8756977619802079,5.0,4.705487409302649,chat/finetuned,2024.0
RLHFlow/LLaMA3-iterative-DPO-final,8.03,0.9047155452786809,5.0,21.10915279745133,chat/finetuned,2024.0
Rakuten/RakutenAI-2.0-mini-instruct,1.535,0.18610837981320527,6.0,13.318016561874655,chat/finetuned,2025.0
Rakuten/RakutenAI-7B,7.373,0.8676442339030985,5.0,11.546978376746557,chat/finetuned,2024.0
Rakuten/RakutenAI-7B-chat,7.373,0.8676442339030985,5.0,12.803095362134842,chat/finetuned,2024.0
Replete-AI/L3-Pneuma-8B,8.03,0.9047155452786809,5.0,16.691758570090254,chat/finetuned,2024.0
Replete-AI/L3.1-Pneuma-8B,8.03,0.9047155452786809,5.0,27.68476446634547,chat/finetuned,2024.0
Ro-xe/FMixIA-7B-DARE-0,7.242,0.8598585204809929,5.0,18.934625270181996,其他,2024.0
Ro-xe/FMixIA-7B-SLERP-27,7.242,0.8598585204809929,5.0,19.827314533484948,其他,2024.0
Ro-xe/FMixIA-7B-TIES-1,7.242,0.8598585204809929,5.0,19.54118956968649,其他,2024.0
Ro-xe/FMixIA-FrankenMerge-9.5B-PT-9,14.141,1.1504801222703347,5.0,16.18640423218573,其他,2024.0
Rombo-Org/Rombo-LLM-V2.5-Qwen-7b,7.616,0.8817269353764179,6.0,35.259585169099566,其他,2025.0
RubielLabarta/LogoS-7Bx2-MoE-13B-v0.2,12.879,1.1098821431991013,5.0,20.11738926127926,其他,2024.0
SaisExperiments/Gemma-2-2B-Opus-Instruct,2.614,0.4173055832445255,5.0,17.2459909559155,chat/finetuned,2024.0
SaisExperiments/Gemma-2-2B-Stheno-Filtered,2.614,0.4173055832445255,5.0,15.491102762862866,chat/finetuned,2024.0
SaisExperiments/Not-So-Small-Alpaca-24B,23.572,1.3723964324231115,6.0,28.3830645086872,chat/finetuned,2025.0
SaisExperiments/QwOwO-7B-V1,7.616,0.8817269353764179,6.0,27.075777072300355,chat/finetuned,2025.0
SaisExperiments/RightSheep-Llama3.2-3B,3.213,0.5069107255515181,6.0,15.85739377536482,chat/finetuned,2025.0
Sakalti/Llama3.2-3B-Uranus-1,3.213,0.5069107255515181,6.0,21.030483022816096,chat/finetuned,2025.0
Sakalti/Magro-7B-v1.1,7.242,0.8598585204809929,5.0,12.14114119775379,其他,2024.0
Sakalti/Oxyge1-33B,32.764,1.5153969172605857,5.0,41.60924567669207,chat/finetuned,2024.0
Sakalti/Phi3.5-Comets-3.8B,3.821,0.5821770376884089,5.0,5.760043006242388,其他,2024.0
Sakalti/Qwen2.5-1B-Instruct,0.988,-0.005243055412371883,6.0,4.275488298707521,chat/finetuned,2025.0
Sakalti/QwenTest-7,0.988,-0.005243055412371883,6.0,4.255208552096732,chat/finetuned,2025.0
Sakalti/SJT-0.5B,0.63,-0.2006594505464183,6.0,8.576015804911226,chat/finetuned,2025.0
Sakalti/SJT-1.5B-Alpha,1.777,0.2496874278053015,6.0,16.911765349077854,chat/finetuned,2025.0
Sakalti/SJT-1.5B-Alpha-1.1,1.777,0.2496874278053015,6.0,16.820570294667494,chat/finetuned,2025.0
Sakalti/SJT-1.7B,1.684,0.2263420871636307,6.0,5.034230484246264,chat/finetuned,2025.0
Sakalti/SJT-14B,14.766,1.1692628640864462,6.0,38.21030695378075,其他,2025.0
Sakalti/SJT-2B,2.614,0.4173055832445255,6.0,4.821696209153122,chat/finetuned,2025.0
Sakalti/SJT-2B-V1.1,2.614,0.4173055832445255,6.0,14.58950928973948,chat/finetuned,2025.0
Sakalti/SJT-3.7B,3.783,0.5778363412927441,6.0,5.089318203640183,chat/finetuned,2025.0
Sakalti/SJT-4B,3.821,0.5821770376884089,6.0,21.994031536147386,chat/finetuned,2025.0
Sakalti/SJT-900M,0.899,-0.046240308266771224,6.0,5.791993813854994,chat/finetuned,2025.0
Sakalti/SJT-Moe2x7.5B,13.401,1.1271372071915011,6.0,25.679678830683567,chat/finetuned,2025.0
Sakalti/SJTPass-2,0.63,-0.2006594505464183,6.0,8.578554710120141,chat/finetuned,2025.0
Sakalti/Saba-Passthrough-2,3.087,0.4895366294820954,5.0,8.019416015292425,其他,2024.0
Sakalti/Saba1-1.8B,1.777,0.2496874278053015,5.0,17.174113467091598,chat/finetuned,2024.0
Sakalti/Saba1.5-1.5B,1.544,0.18864729599971736,5.0,17.174113467091598,chat/finetuned,2024.0
Sakalti/Saba1.5-Pro-3B,2.9,0.4623979978989561,5.0,10.788079074661752,其他,2024.0
Sakalti/Saba2-14B-Preview,14.77,1.1693804953119495,5.0,35.687158487523945,其他,2024.0
Sakalti/Saka-7.2B,7.292,0.8628466599829386,6.0,3.869360483737708,chat/finetuned,2025.0
Sakalti/SakaMoe-3x1.6B-Instruct,1.572,0.1964525417033891,6.0,8.276328372160824,chat/finetuned,2025.0
Sakalti/Tara-3.8B-v1.1,3.821,0.5821770376884089,6.0,21.968635956123418,chat/finetuned,2025.0
Sakalti/light-7b-beta,7.616,0.8817269353764179,6.0,32.68982935684443,chat/finetuned,2025.0
Sakalti/llama-3-yanyuedao-8b-instruct,8.03,0.9047155452786809,5.0,13.935841337684982,其他,2024.0
Sakalti/magro-7B,7.242,0.8598585204809929,5.0,12.382552499684506,chat/finetuned,2024.0
Sakalti/qwen2.5-2.3B,2.339,0.369030221809153,6.0,3.701324621254564,chat/finetuned,2025.0
Sakalti/tara-3.8B,3.821,0.5821770376884089,6.0,21.994031536147386,chat/finetuned,2025.0
Sakalti/ultiima-14B,14.77,1.1693804953119495,6.0,39.61010623253845,chat/finetuned,2025.0
Sakalti/ultiima-32B,32.764,1.5153969172605857,5.0,45.40321787320272,其他,2024.0
Salesforce/LLaMA-3-8B-SFR-Iterative-DPO-R,8.03,0.9047155452786809,5.0,18.527751291550988,chat/finetuned,2024.0
SanjiWatsuki/Silicon-Maid-7B,7.242,0.8598585204809929,5.0,19.412095533357363,其他,2024.0
Sao10K/70B-L3.3-Cirrus-x1,70.554,1.8485216407506466,6.0,43.0025823792082,chat/finetuned,2025.0
Sao10K/L3-8B-Lunaris-v1,8.03,0.9047155452786809,5.0,25.577983918433663,其他,2024.0
Saxo/Linkbricks-Horizon-AI-Avengers-V1-32B,32.76,1.515343893088381,5.0,47.33695645964031,chat/finetuned,2024.0
Saxo/Linkbricks-Horizon-AI-Avengers-V2-32B,32.76,1.515343893088381,5.0,43.33912719384693,chat/finetuned,2024.0
Saxo/Linkbricks-Horizon-AI-Avengers-V3-32B,32.764,1.5153969172605857,5.0,46.36626657304592,chat/finetuned,2024.0
Saxo/Linkbricks-Horizon-AI-Avengers-V4-32B,32.764,1.5153969172605857,5.0,45.60530808037683,chat/finetuned,2024.0
Saxo/Linkbricks-Horizon-AI-Avengers-V5-32B,32.764,1.5153969172605857,5.0,45.67269839307991,chat/finetuned,2024.0
Saxo/Linkbricks-Horizon-AI-Avengers-V6-32B,32.76,1.515343893088381,6.0,46.23110024344452,chat/finetuned,2025.0
Saxo/Linkbricks-Horizon-AI-Korean-Avengers-V2-27B,27.227,1.4349997913501735,5.0,37.17096025005312,chat/finetuned,2024.0
Saxo/Linkbricks-Horizon-AI-Korean-Avengers-V3-27B,27.227,1.4349997913501735,5.0,37.3287116618655,chat/finetuned,2024.0
Saxo/Linkbricks-Horizon-AI-Korean-Superb-22B,22.247,1.3472714548096045,5.0,29.3316606382556,chat/finetuned,2024.0
Saxo/Linkbricks-Horizon-AI-Korean-Superb-27B,27.227,1.4349997913501735,5.0,38.3619715244158,chat/finetuned,2024.0
Saxo/Linkbricks-Horizon-AI-Superb-27B,27.227,1.4349997913501735,5.0,34.63303350305584,chat/finetuned,2024.0
SenseLLM/ReflectionCoder-CL-34B,33.744,1.5281965623954112,5.0,12.147932297450376,chat/finetuned,2024.0
SenseLLM/ReflectionCoder-DS-33B,33.34,1.5229655954919865,5.0,9.194495021407294,chat/finetuned,2024.0
SentientAGI/Dobby-Mini-Leashed-Llama-3.1-8B,8.03,0.9047155452786809,6.0,29.43899218809408,chat/finetuned,2025.0
SentientAGI/Dobby-Mini-Unhinged-Llama-3.1-8B,8.03,0.9047155452786809,6.0,27.45756521473049,chat/finetuned,2025.0
Sharathhebbar24/SSH_355M,0.355,-0.44977164694490596,6.0,5.371931358828882,chat/finetuned,2025.0
Sharathhebbar24/chat_gpt2_dpo,0.124,-0.906578314837765,6.0,3.406545907558898,chat/finetuned,2025.0
Sicarius-Prototyping/Brainy_LLAMA,8.03,0.9047155452786809,5.0,24.22551281841119,chat/finetuned,2024.0
SicariusSicariiStuff/2B-ad,3.204,0.5056925074122001,5.0,15.93131891082937,chat/finetuned,2024.0
SicariusSicariiStuff/2B_or_not_2B,2.506,0.39898106665813116,5.0,6.592012664617282,chat/finetuned,2024.0
SicariusSicariiStuff/Dusk_Rainbow,8.03,0.9047155452786809,5.0,18.623890627323348,chat/finetuned,2024.0
SicariusSicariiStuff/Eximius_Persona_5B,5.821,0.7649975992848805,6.0,21.833611932328903,其他,2025.0
SicariusSicariiStuff/Impish_LLAMA_3B,3.213,0.5069107255515181,5.0,17.791947493881953,chat/finetuned,2024.0
SicariusSicariiStuff/Impish_Mind_8B,8.03,0.9047155452786809,5.0,18.124203063482277,chat/finetuned,2024.0
SicariusSicariiStuff/Impish_QWEN_14B-1M,14.77,1.1693804953119495,6.0,40.23736559941774,chat/finetuned,2025.0
SicariusSicariiStuff/Impish_QWEN_7B-1M,7.616,0.8817269353764179,6.0,30.209083552218303,chat/finetuned,2025.0
SicariusSicariiStuff/LLAMA-3_8B_Unaligned_BETA,8.03,0.9047155452786809,5.0,19.14075237978403,chat/finetuned,2024.0
SicariusSicariiStuff/Phi-Line_14B,14.66,1.1661339703051092,6.0,37.56208119420943,chat/finetuned,2025.0
SicariusSicariiStuff/Phi-lthy4,11.933,1.0767496406240002,6.0,30.269040533700707,chat/finetuned,2025.0
SicariusSicariiStuff/Redemption_Wind_24B,23.572,1.3723964324231115,6.0,28.370595438172284,chat/finetuned,2025.0
SicariusSicariiStuff/Wingless_Imp_8B,8.03,0.9047155452786809,6.0,26.911877977477257,chat/finetuned,2025.0
SicariusSicariiStuff/Zion_Alpha,7.242,0.8598585204809929,5.0,19.18649140147796,chat/finetuned,2024.0
SkyOrbis/SKY-Ko-Llama3.1-8B-lora,8.03,0.9047155452786809,5.0,24.02231249174472,chat/finetuned,2024.0
SkyOrbis/SKY-Ko-Llama3.1-8B-lora-epoch1,8.03,0.9047155452786809,6.0,24.02231249174472,chat/finetuned,2025.0
SkyOrbis/SKY-Ko-Llama3.2-1B-lora-epoch3,1.236,0.09201847075279702,5.0,7.679539302024469,chat/finetuned,2024.0
SkyOrbis/SKY-Ko-Llama3.2-1B-lora-epoch5,1.236,0.09201847075279702,5.0,12.134493116614278,chat/finetuned,2024.0
SkyOrbis/SKY-Ko-Llama3.2-1B-lora-v2-epoch3,1.236,0.09201847075279702,5.0,12.134493116614278,chat/finetuned,2024.0
SkyOrbis/SKY-Ko-Llama3.2-1B-lora-v2-epoch5,1.236,0.09201847075279702,5.0,11.804479423825526,chat/finetuned,2024.0
SkyOrbis/SKY-Ko-Llama3.2-3B-lora-epoch1,3.213,0.5069107255515181,5.0,20.42021662043027,chat/finetuned,2024.0
SkyOrbis/SKY-Ko-Llama3.2-3B-lora-epoch2,3.213,0.5069107255515181,5.0,20.42021662043027,chat/finetuned,2024.0
SkyOrbis/SKY-Ko-Llama3.2-3B-lora-epoch3,3.213,0.5069107255515181,5.0,20.42021662043027,chat/finetuned,2024.0
Sourjayon/DeepSeek-R1-8b-Sify,8.03,0.9047155452786809,6.0,13.313209574216849,chat/finetuned,2025.0
Sourjayon/DeepSeek-R1-ForumNXT,1.777,0.2496874278053015,6.0,11.959695622199478,chat/finetuned,2025.0
SpaceYL/ECE_Poirot,1.544,0.18864729599971736,6.0,15.742560298806495,其他,2025.0
Spestly/Atlas-Pro-1.5B-Preview,1.777,0.2496874278053015,6.0,13.9538569769866,chat/finetuned,2025.0
Spestly/Atlas-Pro-7B-Preview,7.616,0.8817269353764179,6.0,24.63755262041268,chat/finetuned,2025.0
SultanR/SmolTulu-1.7b-Instruct,1.711,0.23325000954110028,5.0,16.331009858160883,chat/finetuned,2024.0
SultanR/SmolTulu-1.7b-Reinforced,1.711,0.23325000954110028,5.0,16.5748337360141,chat/finetuned,2024.0
SultanR/SmolTulu-1.7b-it-v0,1.711,0.23325000954110028,5.0,16.331009858160883,chat/finetuned,2024.0
Syed-Hasan-8503/Phi-3-mini-4K-instruct-cpo-simpo,3.821,0.5821770376884089,5.0,27.216374484698875,chat/finetuned,2024.0
T145/KRONOS-8B-V2,8.03,0.9047155452786809,5.0,25.04979364610371,chat/finetuned,2024.0
T145/Llama-3.1-8B-Instruct-Zeus,8.03,0.9047155452786809,5.0,29.649994293530643,chat/finetuned,2024.0
T145/ZEUS-8B-V13,8.03,0.9047155452786809,5.0,30.62136168037916,chat/finetuned,2024.0
T145/ZEUS-8B-V13-abliterated,8.03,0.9047155452786809,6.0,29.48866762435381,chat/finetuned,2025.0
T145/ZEUS-8B-V17-abliterated-V4,8.03,0.9047155452786809,6.0,26.58716707472223,chat/finetuned,2025.0
T145/ZEUS-8B-V2-abliterated,8.03,0.9047155452786809,5.0,29.79670590213997,chat/finetuned,2024.0
T145/ZEUS-8B-V22,8.03,0.9047155452786809,6.0,31.143603587984483,其他,2025.0
T145/ZEUS-8B-V30,8.03,0.9047155452786809,6.0,29.0957713811746,其他,2025.0
T145/ZEUS-8B-V7,8.03,0.9047155452786809,5.0,28.470021765028548,chat/finetuned,2024.0
T145/ZEUS-8B-V8,8.03,0.9047155452786809,5.0,28.22354116902905,chat/finetuned,2024.0
TIGER-Lab/AceCodeRM-7B,7.616,0.8817269353764179,6.0,27.34471609415536,chat/finetuned,2025.0
TIGER-Lab/AceCoder-Qwen2.5-7B-Ins-Rule,7.616,0.8817269353764179,6.0,35.10989936210928,chat/finetuned,2025.0
TIGER-Lab/AceCoder-Qwen2.5-Coder-7B-Base-Rule,7.616,0.8817269353764179,6.0,21.333370512930014,chat/finetuned,2025.0
TIGER-Lab/AceCoder-Qwen2.5-Coder-7B-Ins-Rule,7.616,0.8817269353764179,6.0,28.02995967932972,chat/finetuned,2025.0
TIGER-Lab/MAmmoTH2-7B-Plus,7.242,0.8598585204809929,5.0,21.633507778259585,chat/finetuned,2024.0
TIGER-Lab/Qwen2.5-Math-7B-CFT,7.616,0.8817269353764179,6.0,23.521464490408093,chat/finetuned,2025.0
TTTXXX01/Mistral-7B-Base-SimPO2-5e-7,7.242,0.8598585204809929,5.0,16.417452751929584,chat/finetuned,2024.0
Tarek07/Progenitor-V1.1-LLaMa-70B,70.554,1.8485216407506466,6.0,43.00294516350462,其他,2025.0
Tarek07/Thalassic-Alpha-LLaMa-70B,70.554,1.8485216407506466,6.0,42.2203763514307,其他,2025.0
TeeZee/DoubleBagel-57B-v1.0,56.703,1.753606036829046,5.0,8.707748481359532,其他,2024.0
TencentARC/LLaMA-Pro-8B,8.357,0.9220504021671738,5.0,8.816698626146762,chat/finetuned,2024.0
TencentARC/LLaMA-Pro-8B-Instruct,8.357,0.9220504021671738,5.0,15.28346018029823,chat/finetuned,2024.0
TencentARC/MetaMath-Mistral-Pro,8.987,0.9536147416906405,5.0,12.5165268741835,chat/finetuned,2024.0
TencentARC/Mistral_Pro_8B_v0.1,8.987,0.9536147416906405,5.0,14.195345928021323,chat/finetuned,2024.0
TheTsar1209/nemo-carpmuscle-v0.1,12.248,1.0880651776902046,5.0,16.794489017380517,chat/finetuned,2024.0
TheTsar1209/qwen-carpmuscle-v0.1,14.77,1.1693804953119495,5.0,33.445029423216624,chat/finetuned,2024.0
TheTsar1209/qwen-carpmuscle-v0.2,14.77,1.1693804953119495,5.0,33.666712709905646,chat/finetuned,2024.0
TheTsar1209/qwen-carpmuscle-v0.3,14.77,1.1693804953119495,5.0,31.794404327523267,chat/finetuned,2024.0
TheTsar1209/qwen-carpmuscle-v0.4,14.77,1.1693804953119495,5.0,37.393960224042935,chat/finetuned,2024.0
TheTsar1209/qwen-carpmuscle-v0.4.1,14.77,1.1693804953119495,6.0,37.605164486042526,chat/finetuned,2025.0
Tijmen2/cosmosage-v3,8.03,0.9047155452786809,5.0,17.354746679203608,chat/finetuned,2024.0
TinyLlama/TinyLlama-1.1B-Chat-v0.1,1.1,0.04139268515822508,5.0,3.9575773348190606,chat/finetuned,2024.0
TinyLlama/TinyLlama-1.1B-Chat-v0.5,1.1,0.04139268515822508,5.0,4.126163903736939,chat/finetuned,2024.0
TinyLlama/TinyLlama-1.1B-Chat-v0.6,1.1,0.04139268515822508,5.0,4.2942762818616345,chat/finetuned,2024.0
TinyLlama/TinyLlama-1.1B-Chat-v1.0,1.1,0.04139268515822508,5.0,2.818859486124847,chat/finetuned,2024.0
TinyLlama/TinyLlama-1.1B-intermediate-step-1431k-3T,1.1,0.04139268515822508,5.0,5.230318100791095,pretrained,2024.0
TinyLlama/TinyLlama_v1.1,1.1,0.04139268515822508,5.0,4.824553844580785,pretrained,2024.0
ToastyPigeon/Sto-vo-kor-12B,12.248,1.0880651776902046,6.0,22.997938390529622,chat/finetuned,2025.0
Trappu/Magnum-Picaro-0.7-v2-12b,12.248,1.0880651776902046,5.0,21.73006413381809,其他,2024.0
Trappu/Nemo-Picaro-12B,12.248,1.0880651776902046,5.0,21.362492548877267,chat/finetuned,2024.0
Triangle104/Annunaki-12b,12.248,1.0880651776902046,6.0,23.36969772271661,其他,2025.0
Triangle104/BigTalker-Lite-8B,8.03,0.9047155452786809,6.0,20.97899274764932,其他,2025.0
Triangle104/Chatty-Harry_V2.0,12.248,1.0880651776902046,6.0,21.833190818566663,其他,2025.0
Triangle104/Chatty-Harry_V3.0,12.248,1.0880651776902046,6.0,23.114766630549312,其他,2025.0
Triangle104/DS-Distilled-Hermes-Llama-3.1_TIES,8.03,0.9047155452786809,6.0,3.378416433125681,其他,2025.0
Triangle104/DS-R1-Distill-Q2.5-10B-Harmony,10.366,1.0156112045035124,6.0,3.758424150861492,其他,2025.0
Triangle104/DS-R1-Distill-Q2.5-14B-Harmony_V0.1,14.77,1.1693804953119495,6.0,38.40633267860269,其他,2025.0
Triangle104/DS-R1-Distill-Q2.5-7B-RP,7.616,0.8817269353764179,6.0,23.29151402275458,其他,2025.0
Triangle104/DSR1-Distill-Llama-Lit-8B,8.03,0.9047155452786809,6.0,17.835032823738523,其他,2025.0
Triangle104/DSR1-Distill-Qwen-7B-RP,7.613,0.8815558297933116,6.0,24.099711456808997,其他,2025.0
Triangle104/Dark-Chivalry_V1.0,8.03,0.9047155452786809,6.0,21.672950420599893,其他,2025.0
Triangle104/Distilled-DarkPlanet-Allades-8B,8.03,0.9047155452786809,6.0,21.683057829608614,其他,2025.0
Triangle104/Distilled-DarkPlanet-Allades-8B_TIES,8.03,0.9047155452786809,6.0,20.21392622497977,其他,2025.0
Triangle104/Hermes-Llama-3.2-CoT,3.213,0.5069107255515181,6.0,17.621221154166122,其他,2025.0
Triangle104/Hermes-Llama-3.2-CoT-Summary,3.213,0.5069107255515181,6.0,16.766151353052297,其他,2025.0
Triangle104/Herodotos-14B,14.77,1.1693804953119495,6.0,38.337259928842606,其他,2025.0
Triangle104/Herodotos-14B_V0.1,14.77,1.1693804953119495,6.0,4.56388866448478,其他,2025.0
Triangle104/L3.1-8B-Dusky-Ink_v0.r1,8.03,0.9047155452786809,6.0,13.969324061974744,其他,2025.0
Triangle104/LThreePointOne-8B-HermesBlackroot,8.03,0.9047155452786809,6.0,15.16012857459314,其他,2025.0
Triangle104/LThreePointOne-8B-HermesInk,8.03,0.9047155452786809,6.0,22.69615504867416,其他,2025.0
Triangle104/Llama3.1-cc-Lit-8b,8.03,0.9047155452786809,6.0,12.717562119702656,其他,2025.0
Triangle104/Minerva-1.5b,1.777,0.2496874278053015,6.0,14.46708051296632,其他,2025.0
Triangle104/Minerva-1.5b_V0.2,1.777,0.2496874278053015,6.0,15.021440291369975,其他,2025.0
Triangle104/Minerva-10b,10.067,1.0029000686113874,6.0,10.977971126497692,其他,2025.0
Triangle104/Minerva-14b,14.77,1.1693804953119495,6.0,32.40842006449074,其他,2025.0
Triangle104/Minerva-7b,7.616,0.8817269353764179,6.0,26.50105069675505,其他,2025.0
Triangle104/Minerva-8b,7.248,0.8602181846687567,6.0,14.317747008078769,chat/finetuned,2025.0
Triangle104/Mistral-Redemption-Arc,23.572,1.3723964324231115,6.0,32.78693047639915,其他,2025.0
Triangle104/Mistral-Small-24b-Harmony,23.572,1.3723964324231115,6.0,27.168346239791443,其他,2025.0
Triangle104/Pans_Gutenbergum_V0.1,12.248,1.0880651776902046,6.0,22.27617513692708,其他,2025.0
Triangle104/Phi-4-AbliteratedRP,14.66,1.1661339703051092,6.0,37.3749762449992,其他,2025.0
Triangle104/Phi4-RP-o1,14.66,1.1661339703051092,6.0,28.80908949124801,其他,2025.0
Triangle104/Porpoise-R1-Llama3.2-3b,3.213,0.5069107255515181,6.0,13.62683633096472,其他,2025.0
Triangle104/Q2.5-14B-Instruct-1M-Harmony,14.77,1.1693804953119495,6.0,37.73826910663008,其他,2025.0
Triangle104/Q2.5-AthensCOT,7.616,0.8817269353764179,6.0,28.558050099748765,chat/finetuned,2025.0
Triangle104/Q2.5-CodeR1-3B,3.085,0.4892551683692605,6.0,19.81078532589114,其他,2025.0
Triangle104/Q2.5-EVACOT-7b,7.616,0.8817269353764179,6.0,30.447241223161303,其他,2025.0
Triangle104/Q2.5-Humane-RP,7.616,0.8817269353764179,6.0,29.83187981671115,其他,2025.0
Triangle104/Q2.5-Instruct-1M_Harmony,7.616,0.8817269353764179,6.0,32.07867587170479,其他,2025.0
Triangle104/Q2.5-R1-3B,3.085,0.4892551683692605,6.0,24.667669563202328,其他,2025.0
Triangle104/Q2.5-R1-7B,7.613,0.8815558297933116,6.0,3.783468006938507,其他,2025.0
Triangle104/Robo-Gutenberg_V1.0,14.77,1.1693804953119495,6.0,40.348593527637,其他,2025.0
Triangle104/RomboHermes3-R1-Llama3.2-3b,3.213,0.5069107255515181,6.0,14.65828137567246,其他,2025.0
Triangle104/Rombos-Novasky-7B_V1c,7.616,0.8817269353764179,6.0,18.20981801856624,其他,2025.0
Triangle104/Set-70b,70.554,1.8485216407506466,6.0,44.03469176472607,其他,2025.0
Tsunami-th/Tsunami-0.5-7B-Instruct,7.616,0.8817269353764179,5.0,36.42709650938436,chat/finetuned,2024.0
Tsunami-th/Tsunami-0.5x-7B-Instruct,7.616,0.8817269353764179,5.0,36.004746535208355,chat/finetuned,2024.0
Tsunami-th/Tsunami-1.0-14B-Instruct,14.77,1.1693804953119495,5.0,41.84004532523768,chat/finetuned,2024.0
Tsunami-th/Tsunami-1.0-7B-Instruct,7.616,0.8817269353764179,5.0,35.74871261762576,chat/finetuned,2024.0
UCLA-AGI/Gemma-2-9B-It-SPPO-Iter1,9.242,0.9657659641826862,5.0,22.586154586899323,chat/finetuned,2024.0
UCLA-AGI/Gemma-2-9B-It-SPPO-Iter2,9.242,0.9657659641826862,5.0,22.56307298613433,chat/finetuned,2024.0
UCLA-AGI/Gemma-2-9B-It-SPPO-Iter3,9.242,0.9657659641826862,5.0,22.65046295673854,chat/finetuned,2024.0
UCLA-AGI/Llama-3-Instruct-8B-SPPO-Iter1,8.03,0.9047155452786809,5.0,24.76595847369129,chat/finetuned,2024.0
UCLA-AGI/Llama-3-Instruct-8B-SPPO-Iter2,8.0,0.9030899869919435,5.0,24.040942547288516,chat/finetuned,2024.0
UCLA-AGI/Llama-3-Instruct-8B-SPPO-Iter3,8.03,0.9047155452786809,5.0,23.69339630817469,chat/finetuned,2024.0
UCLA-AGI/Llama-3-Instruct-8B-SPPO-Iter3,8.03,0.9047155452786809,5.0,23.05947024187678,chat/finetuned,2024.0
UCLA-AGI/Mistral7B-PairRM-SPPO,7.242,0.8598585204809929,5.0,16.44469675653773,chat/finetuned,2024.0
UCLA-AGI/Mistral7B-PairRM-SPPO-Iter1,7.242,0.8598585204809929,5.0,17.91774579525423,chat/finetuned,2024.0
UCLA-AGI/Mistral7B-PairRM-SPPO-Iter2,7.242,0.8598585204809929,5.0,17.118139500757714,chat/finetuned,2024.0
UCLA-AGI/Mistral7B-PairRM-SPPO-Iter3,7.242,0.8598585204809929,5.0,16.488657432502865,chat/finetuned,2024.0
VAGOsolutions/Llama-3.1-SauerkrautLM-70b-Instruct,70.554,1.8485216407506466,5.0,43.413769840000015,chat/finetuned,2024.0
VAGOsolutions/Llama-3.1-SauerkrautLM-8b-Instruct,8.03,0.9047155452786809,5.0,29.931073085077475,chat/finetuned,2024.0
VAGOsolutions/SauerkrautLM-1.5b,1.544,0.18864729599971736,5.0,10.27356265309496,chat/finetuned,2024.0
VAGOsolutions/SauerkrautLM-7b-HerO,7.242,0.8598585204809929,5.0,19.66931174717597,chat/finetuned,2024.0
VAGOsolutions/SauerkrautLM-7b-LaserChat,7.242,0.8598585204809929,5.0,22.14731649128105,chat/finetuned,2024.0
VAGOsolutions/SauerkrautLM-Mixtral-8x7B-Instruct,46.703,1.669344778673157,5.0,24.4874668003906,chat/finetuned,2024.0
VAGOsolutions/SauerkrautLM-Nemo-12b-Instruct,12.248,1.0880651776902046,5.0,26.219081516210625,chat/finetuned,2024.0
VAGOsolutions/SauerkrautLM-Phi-3-medium,13.96,1.1448854182871424,5.0,30.407915004992635,chat/finetuned,2024.0
VAGOsolutions/SauerkrautLM-gemma-2-2b-it,2.614,0.4173055832445255,5.0,10.817668945100197,chat/finetuned,2024.0
VAGOsolutions/SauerkrautLM-gemma-2-9b-it,9.242,0.9657659641826862,5.0,23.14181422578697,chat/finetuned,2024.0
VAGOsolutions/SauerkrautLM-v2-14b-DPO,14.77,1.1693804953119495,5.0,37.583891756672784,chat/finetuned,2024.0
VAGOsolutions/SauerkrautLM-v2-14b-SFT,14.77,1.1693804953119495,5.0,36.22785641162885,chat/finetuned,2024.0
VIRNECT/llama-3-Korean-8B,8.03,0.9047155452786809,5.0,20.245300698827084,chat/finetuned,2024.0
VIRNECT/llama-3-Korean-8B,8.03,0.9047155452786809,5.0,20.431609341892,chat/finetuned,2024.0
VIRNECT/llama-3-Korean-8B-r-v-0.1,16.061,1.2057725820984198,5.0,18.749278536149728,chat/finetuned,2024.0
ValiantLabs/Llama3-70B-Fireplace,70.554,1.8485216407506466,5.0,37.125226832822285,chat/finetuned,2024.0
ValiantLabs/Llama3-70B-ShiningValiant2,70.554,1.8485216407506466,5.0,32.730483450533846,chat/finetuned,2024.0
ValiantLabs/Llama3.1-70B-ShiningValiant2,70.554,1.8485216407506466,5.0,36.49318385410157,chat/finetuned,2024.0
ValiantLabs/Llama3.1-8B-Cobalt,8.03,0.9047155452786809,5.0,20.239393742398576,chat/finetuned,2024.0
ValiantLabs/Llama3.1-8B-Cobalt,8.03,0.9047155452786809,5.0,25.55866436932208,chat/finetuned,2024.0
ValiantLabs/Llama3.1-8B-Enigma,8.03,0.9047155452786809,5.0,16.62515745828593,chat/finetuned,2024.0
ValiantLabs/Llama3.1-8B-Esper2,8.03,0.9047155452786809,5.0,13.94081009846365,chat/finetuned,2024.0
ValiantLabs/Llama3.1-8B-Fireplace2,8.03,0.9047155452786809,5.0,18.312602016344886,chat/finetuned,2024.0
ValiantLabs/Llama3.1-8B-Fireplace2,8.03,0.9047155452786809,5.0,18.5705806084544,chat/finetuned,2024.0
ValiantLabs/Llama3.1-8B-ShiningValiant2,8.03,0.9047155452786809,5.0,23.15728097110788,chat/finetuned,2024.0
ValiantLabs/Llama3.1-8B-ShiningValiant2,8.03,0.9047155452786809,5.0,15.45803558114332,chat/finetuned,2024.0
ValiantLabs/Llama3.2-3B-Enigma,3.213,0.5069107255515181,5.0,11.692730593705356,chat/finetuned,2024.0
ValiantLabs/Llama3.2-3B-Esper2,3.213,0.5069107255515181,5.0,10.944295126634552,chat/finetuned,2024.0
ValiantLabs/Llama3.2-3B-ShiningValiant2,3.213,0.5069107255515181,5.0,14.39069569820728,chat/finetuned,2024.0
Vikhrmodels/Vikhr-Llama3.1-8B-Instruct-R-21-09-24,8.03,0.9047155452786809,5.0,25.354951361962605,chat/finetuned,2024.0
Vikhrmodels/Vikhr-Nemo-12B-Instruct-R-21-09-24,12.248,1.0880651776902046,5.0,25.01995412263689,chat/finetuned,2024.0
Weyaxi/Bagel-Hermes-2x34B,60.814,1.784003569779971,5.0,25.611273447311103,chat/finetuned,2024.0
Weyaxi/Bagel-Hermes-34B-Slerp,34.389,1.5364195471277338,5.0,27.24685762860255,其他,2024.0
Weyaxi/Einstein-v8-Llama3.2-1B,1.236,0.09201847075279702,5.0,4.640409160461389,chat/finetuned,2024.0
WizardLMTeam/WizardLM-13B-V1.2,13.0,1.1139433523068367,5.0,15.177532740883724,chat/finetuned,2024.0
WizardLMTeam/WizardLM-70B-V1.0,70.0,1.845098040014257,5.0,22.3974420993294,chat/finetuned,2024.0
Wladastic/Mini-Think-Base-1B,1.236,0.09201847075279702,6.0,14.3485600949955,pretrained,2025.0
Xclbr7/Arcanum-12b,12.248,1.0880651776902046,5.0,20.757225902526443,chat/finetuned,2024.0
Xclbr7/Hyena-12b,12.248,1.0880651776902046,5.0,20.76453411894911,chat/finetuned,2024.0
Xclbr7/caliburn-12b,12.248,1.0880651776902046,5.0,22.94686461976949,chat/finetuned,2024.0
Xclbr7/caliburn-v2-12b,12.248,1.0880651776902046,5.0,20.96611306962392,chat/finetuned,2024.0
Xiaojian9992024/Qwen2.5-Dyanka-7B-Preview,7.616,0.8817269353764179,6.0,37.29594433542609,其他,2025.0
Xkev/Llama-3.2V-11B-cot,10.67,1.02816441942447,5.0,21.7590291424644,其他,2024.0
YOYO-AI/Qwen2.5-14B-1M-YOYO-V3,14.766,1.1692628640864462,6.0,42.55942702673594,其他,2025.0
YOYO-AI/Qwen2.5-14B-YOYO-0510-v2,14.77,1.1693804953119495,6.0,39.98094603659342,其他,2025.0
YOYO-AI/Qwen2.5-14B-YOYO-1005,14.77,1.1693804953119495,6.0,40.08590414271186,其他,2025.0
YOYO-AI/Qwen2.5-14B-YOYO-1005-v2,14.77,1.1693804953119495,6.0,39.99172395122441,其他,2025.0
YOYO-AI/Qwen2.5-14B-YOYO-1010,14.77,1.1693804953119495,6.0,40.00800921412039,其他,2025.0
YOYO-AI/Qwen2.5-14B-YOYO-1010,14.77,1.1693804953119495,6.0,31.959648585770537,其他,2025.0
YOYO-AI/Qwen2.5-14B-YOYO-1010-v2,14.77,1.1693804953119495,6.0,39.98094603659342,其他,2025.0
YOYO-AI/Qwen2.5-14B-YOYO-SCE,14.77,1.1693804953119495,6.0,39.66921695193184,其他,2025.0
YOYO-AI/Qwen2.5-14B-YOYO-V4,14.766,1.1692628640864462,6.0,42.28551883596217,其他,2025.0
YOYO-AI/Qwen2.5-14B-YOYO-V4-p1,14.766,1.1692628640864462,6.0,42.45828532336958,其他,2025.0
YOYO-AI/Qwen2.5-14B-YOYO-V4-p2,14.766,1.1692628640864462,6.0,41.58466487593814,其他,2025.0
YOYO-AI/Qwen2.5-14B-YOYO-latest,14.77,1.1693804953119495,6.0,40.078312739638136,其他,2025.0
YOYO-AI/Qwen2.5-14B-YOYO-latest-V2,14.766,1.1692628640864462,6.0,41.84546724325599,其他,2025.0
YOYO-AI/Qwen2.5-14B-it-restore,14.766,1.1692628640864462,6.0,41.50259115054908,其他,2025.0
YOYO-AI/Qwen2.5-7B-it-restore,7.613,0.8815558297933116,6.0,35.33330306100891,其他,2025.0
YOYO-AI/Qwen2.5-Coder-14B-YOYO-1010,14.77,1.1693804953119495,6.0,32.054639724074,其他,2025.0
YOYO-AI/ZYH-LLM-Qwen2.5-14B,14.77,1.1693804953119495,6.0,39.82358869327943,其他,2025.0
YOYO-AI/ZYH-LLM-Qwen2.5-14B-V2,14.766,1.1692628640864462,6.0,36.56636248193895,其他,2025.0
YOYO-AI/ZYH-LLM-Qwen2.5-14B-V3,14.766,1.1692628640864462,6.0,41.62825190779884,其他,2025.0
YOYO-AI/ZYH-LLM-Qwen2.5-14B-V4,14.766,1.1692628640864462,6.0,43.137421470516735,其他,2025.0
Yash21/TinyYi-7B-Test,6.061,0.7825442840100101,5.0,4.495167294967694,pretrained,2024.0
Youlln/2PRYMMAL-Yi1.5-6B-SLERP,6.061,0.7825442840100101,5.0,18.991811258176195,其他,2024.0
Youlln/3PRYMMAL-PHI3-3B-SLERP,3.0,0.47712125471966244,5.0,25.13874099477812,其他,2024.0
Youlln/4PRYMMAL-GEMMA2-9B-SLERP,9.242,0.9657659641826862,5.0,23.688707771567948,其他,2024.0
Youlln/ECE-MIRAGE-1-12B,15.21,1.1821292140529984,6.0,4.785720345472222,其他,2025.0
Youlln/ECE-MIRAGE-1-15B,15.21,1.1821292140529984,6.0,4.785720345472222,chat/finetuned,2025.0
Youlln/ECE-PRYMMAL-0.5B-FT-V3,0.494,-0.30627305107635305,5.0,4.392856379585042,chat/finetuned,2024.0
Youlln/ECE-PRYMMAL-0.5B-FT-V3-MUSR,0.494,-0.30627305107635305,5.0,5.5387028579477615,chat/finetuned,2024.0
Youlln/ECE-PRYMMAL-0.5B-FT-V4-MUSR,0.494,-0.30627305107635305,5.0,4.211186680289756,chat/finetuned,2024.0
Youlln/ECE-PRYMMAL-0.5B-SLERP-V2,0.494,-0.30627305107635305,5.0,4.6271949147226215,其他,2024.0
Youlln/ECE-PRYMMAL-0.5B-SLERP-V3,0.494,-0.30627305107635305,5.0,3.6630142582547953,其他,2024.0
Youlln/ECE-PRYMMAL-YL-1B-SLERP-V1,1.544,0.18864729599971736,5.0,16.681936382880597,其他,2024.0
Youlln/ECE-PRYMMAL-YL-1B-SLERP-V2,1.544,0.18864729599971736,5.0,16.681936382880597,其他,2024.0
Youlln/ECE-PRYMMAL-YL-7B-SLERP-V4,7.616,0.8817269353764179,5.0,10.869547461805958,其他,2024.0
Youlln/ECE-PRYMMAL0.5-FT,0.494,-0.30627305107635305,5.0,5.585741676013818,chat/finetuned,2024.0
Youlln/ECE-PRYMMAL1B-FT-V1,1.544,0.18864729599971736,5.0,11.84779796618845,chat/finetuned,2024.0
Youlln/ECE-Qwen0.5B-FT-V2,0.494,-0.30627305107635305,5.0,7.574686962054336,chat/finetuned,2024.0
Youlln/ECE.EIFFEIL.ia-0.5B-SLERP,0.63,-0.2006594505464183,5.0,8.829965651830063,其他,2024.0
Yuma42/KangalKhan-RawRuby-7B,7.242,0.8598585204809929,5.0,20.49108954626372,其他,2024.0
Yuma42/Llama3.1-IgneousIguana-8B,8.03,0.9047155452786809,6.0,31.47616691324721,其他,2025.0
Yuma42/Llama3.1-SuperHawk-8B,8.03,0.9047155452786809,6.0,31.135471049209404,其他,2025.0
Z1-Coder/Z1-Coder-7B,7.613,0.8815558297933116,6.0,21.53334869957601,chat/finetuned,2025.0
ZHLiu627/zephyr-7b-gemma-rpo-avg,8.538,0.931356150467928,6.0,14.5883116384285,chat/finetuned,2025.0
ZeroXClem/L3-Aspire-Heart-Matrix-8B,8.03,0.9047155452786809,5.0,25.81522350685034,其他,2024.0
ZeroXClem/Llama-3.1-8B-AthenaSky-MegaMix,8.03,0.9047155452786809,6.0,26.791594885986022,其他,2025.0
ZeroXClem/Llama-3.1-8B-RainbowLight-EtherealMix,8.03,0.9047155452786809,6.0,22.830979754905854,其他,2025.0
ZeroXClem/Llama-3.1-8B-SpecialTitanFusion,8.03,0.9047155452786809,6.0,29.23340398888008,其他,2025.0
ZeroXClem/Llama-3.1-8B-SuperNova-EtherealHermes,8.03,0.9047155452786809,6.0,28.40553977440776,其他,2025.0
ZeroXClem/Llama-3.1-8B-SuperTulu-LexiNova,8.03,0.9047155452786809,6.0,23.300170759550948,其他,2025.0
ZeroXClem/Qwen-2.5-Aether-SlerpFusion-7B,7.616,0.8817269353764179,5.0,30.11832980281197,其他,2024.0
ZeroXClem/Qwen2.5-7B-CelestialHarmony-1M,7.613,0.8815558297933116,6.0,32.03891571870145,其他,2025.0
ZeroXClem/Qwen2.5-7B-HomerAnvita-NerdMix,7.616,0.8817269353764179,5.0,35.64186520551805,其他,2024.0
ZeroXClem/Qwen2.5-7B-HomerCreative-Mix,7.616,0.8817269353764179,5.0,34.907245009987854,其他,2024.0
ZeroXClem/Qwen2.5-7B-Qandora-CySec,7.616,0.8817269353764179,5.0,32.02349981666794,chat/finetuned,2024.0
ZeusLabs/L3-Aethora-15B-V2,15.01,1.1763806922432705,5.0,24.69871364353165,chat/finetuned,2024.0
ZhangShenao/SELM-Llama-3-8B-Instruct-iter-3,8.03,0.9047155452786809,5.0,24.042937650204056,chat/finetuned,2024.0
aaditya/Llama3-OpenBioLLM-70B,70.0,1.845098040014257,5.0,34.979020412011955,chat/finetuned,2024.0
abacusai/Llama-3-Smaug-8B,8.03,0.9047155452786809,5.0,19.06776237652968,chat/finetuned,2024.0
abacusai/Smaug-34B-v0.1,34.389,1.5364195471277338,5.0,24.95321808709686,chat/finetuned,2024.0
abacusai/Smaug-Llama-3-70B-Instruct-32K,70.554,1.8485216407506466,5.0,35.76489160177244,chat/finetuned,2024.0
abacusai/Smaug-Mixtral-v0.1,46.703,1.669344778673157,5.0,23.821471245327263,chat/finetuned,2024.0
abacusai/bigstral-12b-32k,12.476,1.0960753660851061,5.0,18.135141503206025,其他,2024.0
adamo1139/Yi-34B-200K-AEZAKMI-v2,34.389,1.5364195471277338,5.0,23.8273490799763,chat/finetuned,2024.0
adriszmar/QAIMath-Qwen2.5-7B-TIES,7.616,0.8817269353764179,5.0,5.469542016632626,其他,2024.0
adriszmar/QAIMath-Qwen2.5-7B-TIES,7.616,0.8817269353764179,5.0,4.988441667082756,其他,2024.0
aevalone/distill_qw_test,7.616,0.8817269353764179,6.0,33.68409846940663,chat/finetuned,2025.0
agentlans/Gemma2-9B-AdvancedFuse,9.242,0.9657659641826862,6.0,20.43457994939628,其他,2025.0
agentlans/Llama-3.2-1B-Instruct-CrashCourse12K,1.236,0.09201847075279702,6.0,13.43796759000334,chat/finetuned,2025.0
agentlans/Llama3.1-Daredevilish,8.03,0.9047155452786809,6.0,25.570843048894687,其他,2025.0
agentlans/Llama3.1-Daredevilish-Instruct,8.03,0.9047155452786809,6.0,29.365203712781987,其他,2025.0
agentlans/Llama3.1-LexiHermes-SuperStorm,8.03,0.9047155452786809,6.0,29.430987251890876,其他,2025.0
agentlans/Llama3.1-SuperDeepFuse,8.03,0.9047155452786809,6.0,27.387201422763493,其他,2025.0
agentlans/Llama3.1-SuperDeepFuse-CrashCourse12K,8.03,0.9047155452786809,6.0,27.995793391642223,chat/finetuned,2025.0
agentlans/Qwen2.5-0.5B-Instruct-CrashCourse-dropout,0.494,-0.30627305107635305,6.0,8.433362269175692,chat/finetuned,2025.0
ahmeda335/13_outOf_32_pruned_layers_llama3.1-8b,5.195,0.7155855518931963,5.0,4.404258622194578,chat/finetuned,2024.0
ai21labs/Jamba-v0.1,51.57,1.7123971314067148,5.0,9.218365089520882,pretrained,2024.0
ai4bharat/Airavata,6.87,0.8369567370595504,6.0,5.550973263891643,chat/finetuned,2025.0
aixonlab/Aether-12b,12.248,1.0880651776902046,5.0,18.045942870286208,其他,2024.0
aixonlab/Grey-12b,12.248,1.0880651776902046,5.0,23.68155281704829,其他,2024.0
aixonlab/Zara-14b-v1.2,14.766,1.1692628640864462,6.0,37.99891251390576,chat/finetuned,2025.0
akhadangi/Llama3.2.1B.0.01-First,1.236,0.09201847075279702,6.0,3.1098917488910103,chat/finetuned,2025.0
akhadangi/Llama3.2.1B.0.01-Last,1.236,0.09201847075279702,6.0,3.2621298672901786,chat/finetuned,2025.0
akhadangi/Llama3.2.1B.0.1-First,1.236,0.09201847075279702,6.0,3.269240763959394,chat/finetuned,2025.0
akhadangi/Llama3.2.1B.0.1-Last,1.236,0.09201847075279702,6.0,3.2667219224258432,chat/finetuned,2025.0
akhadangi/Llama3.2.1B.BaseFiT,1.236,0.09201847075279702,6.0,3.318002610011419,chat/finetuned,2025.0
akjindal53244/Llama-3.1-Storm-8B,8.03,0.9047155452786809,5.0,29.365249771767235,chat/finetuned,2024.0
akjindal53244/Llama-3.1-Storm-8B,8.03,0.9047155452786809,5.0,29.94392423913393,chat/finetuned,2024.0
allenai/Llama-3.1-Tulu-3-70B,70.554,1.8485216407506466,5.0,42.33178738532094,chat/finetuned,2024.0
allenai/Llama-3.1-Tulu-3-70B,70.554,1.8485216407506466,5.0,41.45452740659843,chat/finetuned,2024.0
allenai/Llama-3.1-Tulu-3-70B-DPO,70.0,1.845098040014257,5.0,42.22441492015548,chat/finetuned,2024.0
allenai/Llama-3.1-Tulu-3-70B-SFT,70.554,1.8485216407506466,5.0,38.84849206812736,chat/finetuned,2024.0
allenai/Llama-3.1-Tulu-3-8B,8.03,0.9047155452786809,5.0,26.034998081672143,chat/finetuned,2024.0
allenai/Llama-3.1-Tulu-3-8B,8.03,0.9047155452786809,5.0,26.260868015453667,chat/finetuned,2024.0
allenai/Llama-3.1-Tulu-3-8B-DPO,8.0,0.9030899869919435,5.0,26.463980035063702,chat/finetuned,2024.0
allenai/Llama-3.1-Tulu-3-8B-RM,8.0,0.9030899869919435,5.0,4.235057018188027,chat/finetuned,2024.0
allenai/Llama-3.1-Tulu-3-8B-SFT,8.03,0.9047155452786809,5.0,22.596940551752763,chat/finetuned,2024.0
allenai/OLMo-1B-hf,1.177,0.0707764628434347,5.0,6.633923959022838,pretrained,2024.0
allenai/OLMo-2-1124-7B-Instruct,7.299,0.863263363650481,6.0,21.78585700041552,chat/finetuned,2025.0
allenai/OLMo-7B-Instruct-hf,7.0,0.8450980400142568,5.0,10.84897342143646,chat/finetuned,2024.0
allenai/OLMo-7B-hf,6.888,0.8380931384455983,5.0,6.864268027495356,pretrained,2024.0
allenai/OLMoE-1B-7B-0125-Instruct,6.919,0.8400433306034939,6.0,17.50987629325843,pretrained,2025.0
allenai/OLMoE-1B-7B-0924,6.919,0.8400433306034939,5.0,7.266580603765461,pretrained,2024.0
allenai/OLMoE-1B-7B-0924-Instruct,6.919,0.8400433306034939,5.0,13.698377341715071,chat/finetuned,2024.0
allknowingroger/Chocolatine-24B,24.184,1.3835281341697607,5.0,21.34573359059476,其他,2024.0
allknowingroger/Gemma2Slerp1-27B,27.227,1.4349997913501735,5.0,36.50763943363299,其他,2024.0
allknowingroger/Gemma2Slerp2-27B,27.227,1.4349997913501735,5.0,37.93170029272168,其他,2024.0
allknowingroger/Gemma2Slerp3-27B,27.227,1.4349997913501735,5.0,37.53145642523688,其他,2024.0
allknowingroger/Gemma2Slerp4-27B,27.227,1.4349997913501735,5.0,37.36755448762331,其他,2024.0
allknowingroger/GemmaSlerp-9B,9.242,0.9657659641826862,5.0,33.18611821246378,其他,2024.0
allknowingroger/GemmaSlerp2-9B,9.242,0.9657659641826862,5.0,34.25757823554644,其他,2024.0
allknowingroger/GemmaSlerp4-10B,10.159,1.006850960324272,5.0,34.06301244708342,其他,2024.0
allknowingroger/GemmaSlerp5-10B,10.159,1.006850960324272,5.0,34.382403041414115,其他,2024.0
allknowingroger/GemmaStock1-27B,27.227,1.4349997913501735,5.0,37.51365913910503,其他,2024.0
allknowingroger/HomerSlerp1-7B,7.616,0.8817269353764179,5.0,28.48374237557012,其他,2024.0
allknowingroger/HomerSlerp2-7B,7.616,0.8817269353764179,5.0,28.948900169100085,其他,2024.0
allknowingroger/HomerSlerp3-7B,7.616,0.8817269353764179,5.0,28.953652934928694,其他,2024.0
allknowingroger/HomerSlerp4-7B,7.616,0.8817269353764179,5.0,29.144845188798246,其他,2024.0
allknowingroger/LimyQstar-7B-slerp,7.242,0.8598585204809929,5.0,18.67252497281834,其他,2024.0
allknowingroger/Marco-01-slerp1-7B,7.616,0.8817269353764179,5.0,29.48531675671586,其他,2024.0
allknowingroger/Meme-7B-slerp,7.242,0.8598585204809929,5.0,19.276080557709445,其他,2024.0
allknowingroger/MistralPhi3-11B,11.234,1.0505344195401234,5.0,21.627095011873774,其他,2024.0
allknowingroger/Mistralmash1-7B-s,7.242,0.8598585204809929,5.0,20.91386580967448,其他,2024.0
allknowingroger/Mistralmash2-7B-s,7.242,0.8598585204809929,5.0,21.389680975325334,其他,2024.0
allknowingroger/MixTAO-19B-pass,19.188,1.2830297097938594,5.0,20.627592394280352,其他,2024.0
allknowingroger/MixTaoTruthful-13B-slerp,12.879,1.1098821431991013,5.0,20.252975968080012,其他,2024.0
allknowingroger/MultiCalm-7B-slerp,7.242,0.8598585204809929,5.0,19.472289426361296,其他,2024.0
allknowingroger/MultiMash-12B-slerp,12.879,1.1098821431991013,5.0,20.179903850442244,其他,2024.0
allknowingroger/MultiMash10-13B-slerp,12.879,1.1098821431991013,5.0,20.4264364824254,其他,2024.0
allknowingroger/MultiMash11-13B-slerp,12.879,1.1098821431991013,5.0,20.614675908435512,其他,2024.0
allknowingroger/MultiMash2-12B-slerp,12.879,1.1098821431991013,5.0,19.84014306475432,其他,2024.0
allknowingroger/MultiMash6-12B-slerp,12.879,1.1098821431991013,5.0,20.27642710504546,其他,2024.0
allknowingroger/MultiMash7-12B-slerp,12.879,1.1098821431991013,5.0,19.79229351182464,其他,2024.0
allknowingroger/MultiMash8-13B-slerp,12.879,1.1098821431991013,5.0,21.07486448648852,其他,2024.0
allknowingroger/MultiMash9-13B-slerp,12.879,1.1098821431991013,5.0,20.642969652890788,其他,2024.0
allknowingroger/MultiMerge-7B-slerp,7.242,0.8598585204809929,5.0,19.542246727772383,其他,2024.0
allknowingroger/Multimash3-12B-slerp,12.879,1.1098821431991013,5.0,20.47073324126141,其他,2024.0
allknowingroger/MultiverseEx26-7B-slerp,7.242,0.8598585204809929,5.0,19.69589878762239,其他,2024.0
allknowingroger/NeuralWestSeverus-7B-slerp,7.242,0.8598585204809929,5.0,20.675370567029702,其他,2024.0
allknowingroger/Neuralcoven-7B-slerp,7.242,0.8598585204809929,5.0,20.363670451495132,其他,2024.0
allknowingroger/Neuralmultiverse-7B-slerp,7.242,0.8598585204809929,5.0,19.36103031824635,其他,2024.0
allknowingroger/Ph3della5-14B,13.96,1.1448854182871424,5.0,30.46973875649518,其他,2024.0
allknowingroger/Ph3merge-14B,13.619,1.1341452198802946,5.0,23.68333279737927,其他,2024.0
allknowingroger/Ph3task1-14B,13.96,1.1448854182871424,5.0,30.54839802644553,其他,2024.0
allknowingroger/Ph3task2-14B,13.96,1.1448854182871424,5.0,28.611110586227724,其他,2024.0
allknowingroger/Ph3task3-14B,13.96,1.1448854182871424,5.0,30.710221507611795,其他,2024.0
allknowingroger/Ph3unsloth-3B-slerp,3.821,0.5821770376884089,5.0,20.153514887760053,其他,2024.0
allknowingroger/Phi3mash1-17B-pass,16.687,1.2223782659449556,5.0,21.34996880563698,其他,2024.0
allknowingroger/Qwen2.5-7B-task2,7.616,0.8817269353764179,5.0,29.877934142366957,其他,2024.0
allknowingroger/Qwen2.5-7B-task3,7.616,0.8817269353764179,5.0,28.738760798626867,其他,2024.0
allknowingroger/Qwen2.5-7B-task4,7.616,0.8817269353764179,5.0,30.06180942847573,其他,2024.0
allknowingroger/Qwen2.5-7B-task7,7.616,0.8817269353764179,5.0,24.01693955924644,其他,2024.0
allknowingroger/Qwen2.5-7B-task8,7.616,0.8817269353764179,5.0,30.109425461585875,其他,2024.0
allknowingroger/Qwen2.5-slerp-14B,14.77,1.1693804953119495,5.0,38.16277613953164,其他,2024.0
allknowingroger/QwenSlerp12-7B,7.616,0.8817269353764179,5.0,29.989027415795302,其他,2024.0
allknowingroger/QwenSlerp6-14B,14.766,1.1692628640864462,5.0,39.53457080924675,其他,2024.0
allknowingroger/QwenStock1-14B,14.766,1.1692628640864462,5.0,38.14564924678278,其他,2024.0
allknowingroger/QwenStock2-14B,14.766,1.1692628640864462,5.0,38.41917529577626,其他,2024.0
allknowingroger/QwenStock3-14B,14.766,1.1692628640864462,5.0,38.32000426856688,其他,2024.0
allknowingroger/Qwenslerp2-14B,14.77,1.1693804953119495,5.0,38.08598326949303,其他,2024.0
allknowingroger/Qwenslerp2-7B,7.616,0.8817269353764179,5.0,30.81046927051673,其他,2024.0
allknowingroger/Qwenslerp3-14B,14.77,1.1693804953119495,5.0,38.08092336696463,其他,2024.0
allknowingroger/Qwenslerp3-7B,7.616,0.8817269353764179,5.0,30.63274991183272,其他,2024.0
allknowingroger/ROGERphi-7B-slerp,7.242,0.8598585204809929,5.0,20.70747082131683,其他,2024.0
allknowingroger/RogerMerge-7B-slerp,7.242,0.8598585204809929,5.0,19.61773581081775,其他,2024.0
allknowingroger/Strangecoven-7B-slerp,7.242,0.8598585204809929,5.0,20.311977055139792,其他,2024.0
allknowingroger/WestlakeMaziyar-7B-slerp,7.242,0.8598585204809929,5.0,22.18341722963105,其他,2024.0
allknowingroger/YamMaths-7B-slerp,7.242,0.8598585204809929,5.0,20.55230690685158,其他,2024.0
allknowingroger/Yibuddy-35B,34.389,1.5364195471277338,5.0,28.283170568255755,其他,2024.0
allknowingroger/Yislerp-34B,34.389,1.5364195471277338,5.0,29.39892579588029,其他,2024.0
allknowingroger/Yislerp2-34B,34.389,1.5364195471277338,5.0,30.43386510728805,其他,2024.0
allknowingroger/limyClown-7B-slerp,7.242,0.8598585204809929,5.0,19.70388869479609,其他,2024.0
allura-org/L3.1-8b-RP-Ink,8.03,0.9047155452786809,6.0,25.096017377265284,chat/finetuned,2025.0
allura-org/MN-12b-RP-Ink,12.248,1.0880651776902046,6.0,24.976661361688898,chat/finetuned,2025.0
allura-org/Mistral-Small-24b-Sertraline-0304,23.572,1.3723964324231115,6.0,35.369805475643055,chat/finetuned,2025.0
allura-org/Mistral-Small-Sisyphus-24b-2503,23.572,1.3723964324231115,6.0,32.50290014221418,chat/finetuned,2025.0
allura-org/MoE-Girl-1BA-7BT,6.919,0.8400433306034939,5.0,6.402799107780404,chat/finetuned,2024.0
allura-org/TQ2.5-14B-Aletheia-v1,14.77,1.1693804953119495,5.0,39.48247192029189,chat/finetuned,2024.0
allura-org/TQ2.5-14B-Neon-v1,14.77,1.1693804953119495,6.0,39.14031038134542,chat/finetuned,2025.0
allura-org/Teleut-7b,7.616,0.8817269353764179,6.0,30.22949441247033,chat/finetuned,2025.0
aloobun/Meta-Llama-3-7B-28Layers,7.158,0.8547916940539855,5.0,13.375690297994408,chat/finetuned,2024.0
aloobun/d-SmolLM2-360M,0.362,-0.4412914294668343,5.0,6.184070904256285,chat/finetuned,2024.0
alpindale/WizardLM-2-8x22B,140.621,2.1480501820144804,5.0,33.059051837739325,chat/finetuned,2024.0
altomek/YiSM-34B-0rn,34.389,1.5364195471277338,5.0,30.51201240834246,其他,2024.0
amazon/MegaBeam-Mistral-7B-300k,7.242,0.8598585204809929,5.0,17.022470504123003,chat/finetuned,2024.0
amd/AMD-Llama-135m,0.135,-0.8696662315049939,5.0,4.759627159992882,chat/finetuned,2024.0
amd/AMD-Llama-135m,0.134,-0.8728952016351923,5.0,5.228976558960189,pretrained,2024.0
anthracite-org/magnum-v2-12b,12.248,1.0880651776902046,5.0,18.795821563358565,chat/finetuned,2024.0
anthracite-org/magnum-v2.5-12b-kto,12.248,1.0880651776902046,5.0,18.982789989560636,chat/finetuned,2024.0
anthracite-org/magnum-v3-27b-kto,27.227,1.4349997913501735,5.0,29.33708001780754,chat/finetuned,2024.0
anthracite-org/magnum-v3-34b,34.389,1.5364195471277338,5.0,29.66608133452966,chat/finetuned,2024.0
anthracite-org/magnum-v3-9b-chatml,9.242,0.9657659641826862,5.0,19.50411636926871,chat/finetuned,2024.0
anthracite-org/magnum-v3-9b-customgemma2,9.242,0.9657659641826862,5.0,19.20026712602973,chat/finetuned,2024.0
anthracite-org/magnum-v4-12b,12.248,1.0880651776902046,5.0,20.27642686776778,chat/finetuned,2024.0
anthracite-org/magnum-v4-27b,27.227,1.4349997913501735,5.0,26.63300380472101,chat/finetuned,2024.0
anthracite-org/magnum-v4-9b,9.242,0.9657659641826862,5.0,23.798994622099844,chat/finetuned,2024.0
appvoid/arco-2,0.514,-0.28903688100472424,5.0,5.137100838868086,其他,2024.0
appvoid/arco-2-instruct,0.514,-0.28903688100472424,5.0,5.382510586018164,其他,2024.0
arcee-ai/Arcee-Blitz,23.572,1.3723964324231115,6.0,40.01232729285768,chat/finetuned,2025.0
arcee-ai/Arcee-Maestro-7B-Preview,7.613,0.8815558297933116,6.0,23.793130973366363,chat/finetuned,2025.0
arcee-ai/Arcee-Spark,7.616,0.8817269353764179,5.0,28.406546265844867,chat/finetuned,2024.0
arcee-ai/Arcee-Spark,7.616,0.8817269353764179,5.0,25.443168747377587,chat/finetuned,2024.0
arcee-ai/Llama-3.1-SuperNova-Lite,8.03,0.9047155452786809,5.0,30.193463980461605,chat/finetuned,2024.0
arcee-ai/Llama-Spark,8.03,0.9047155452786809,5.0,27.037236901530367,chat/finetuned,2024.0
arcee-ai/SuperNova-Medius,14.77,1.1693804953119495,5.0,39.15430388277812,chat/finetuned,2024.0
arcee-ai/Virtuoso-Small,14.77,1.1693804953119495,5.0,40.53607757653,chat/finetuned,2024.0
arcee-ai/Virtuoso-Small-v2,14.766,1.1692628640864462,6.0,42.475701925930025,chat/finetuned,2025.0
argilla/notus-7b-v1,7.242,0.8598585204809929,5.0,18.47426177294325,chat/finetuned,2024.0
argilla/notux-8x7b-v1,46.703,1.669344778673157,5.0,24.47858356291764,chat/finetuned,2024.0
argilla-warehouse/Llama-3.1-8B-MagPie-Ultra,8.03,0.9047155452786809,5.0,19.84899133862277,chat/finetuned,2024.0
arisin/orca-platypus-13B-slerp,13.016,1.1144775399288023,5.0,14.79190764445101,其他,2024.0
asharsha30/LLAMA_Harsha_8_B_ORDP_10k,8.03,0.9047155452786809,5.0,16.221361486666726,chat/finetuned,2024.0
ashercn97/a1-v002,7.616,0.8817269353764179,5.0,22.8816161973256,chat/finetuned,2024.0
athirdpath/Llama-3.1-Instruct_NSFW-pretrained_e1-plus_reddit,8.03,0.9047155452786809,5.0,20.968535229566395,chat/finetuned,2024.0
automerger/YamshadowExperiment28-7B,7.242,0.8598585204809929,5.0,19.884270029585775,其他,2024.0
avemio/GRAG-NEMO-12B-ORPO-HESSIAN-AI,12.248,1.0880651776902046,6.0,0.7378506308720487,chat/finetuned,2025.0
awnr/Mistral-7B-v0.1-signtensors-1-over-2,7.242,0.8598585204809929,5.0,14.370486963136566,pretrained,2024.0
awnr/Mistral-7B-v0.1-signtensors-1-over-4,7.0,0.8450980400142568,5.0,8.747197547964134,pretrained,2024.0
awnr/Mistral-7B-v0.1-signtensors-3-over-8,7.242,0.8598585204809929,5.0,13.813468900343905,pretrained,2024.0
awnr/Mistral-7B-v0.1-signtensors-5-over-16,7.242,0.8598585204809929,5.0,12.28452908669469,pretrained,2024.0
awnr/Mistral-7B-v0.1-signtensors-7-over-16,7.242,0.8598585204809929,5.0,14.246704735704872,pretrained,2024.0
aws-prototyping/MegaBeam-Mistral-7B-512k,7.242,0.8598585204809929,5.0,17.582481722488744,chat/finetuned,2024.0
axolotl-ai-co/romulus-mistral-nemo-12b-simpo,12.248,1.0880651776902046,5.0,25.176086393973254,chat/finetuned,2024.0
bamec66557/MISCHIEVOUS-12B,12.248,1.0880651776902046,5.0,22.61927817846981,其他,2024.0
bamec66557/MISCHIEVOUS-12B-Mix_0.1v,12.248,1.0880651776902046,5.0,22.61107627651725,chat/finetuned,2024.0
bamec66557/MISCHIEVOUS-12B-Mix_0.2v,12.248,1.0880651776902046,5.0,22.454256608568887,其他,2024.0
bamec66557/MISCHIEVOUS-12B-Mix_0.3v,12.248,1.0880651776902046,5.0,22.795688006734604,其他,2024.0
bamec66557/MISCHIEVOUS-12B-Mix_0.4v,12.248,1.0880651776902046,5.0,26.6539064273152,其他,2024.0
bamec66557/MISCHIEVOUS-12B-Mix_0.5v,12.248,1.0880651776902046,5.0,22.635396518839368,其他,2024.0
bamec66557/MISCHIEVOUS-12B-Mix_0.6v,12.248,1.0880651776902046,5.0,23.874344518139583,其他,2024.0
bamec66557/MISCHIEVOUS-12B-Mix_III_IV_V,12.248,1.0880651776902046,5.0,23.23673015528421,其他,2024.0
bamec66557/MISCHIEVOUS-12B-Mix_III_ex_V,12.248,1.0880651776902046,5.0,23.80784193287211,其他,2024.0
bamec66557/MISCHIEVOUS-12B-Mix_Neo,12.248,1.0880651776902046,5.0,26.077670184051115,chat/finetuned,2024.0
bamec66557/Mistral-Nemo-VICIOUS_MESH-12B-2407,12.248,1.0880651776902046,5.0,27.48211728638603,其他,2024.0
bamec66557/NameLess-12B-prob,12.248,1.0880651776902046,5.0,27.18904881817572,其他,2024.0
bamec66557/VICIOUS_MESH-12B-ALPHA,12.248,1.0880651776902046,5.0,26.45551197855697,chat/finetuned,2024.0
bamec66557/VICIOUS_MESH-12B-BETA,12.248,1.0880651776902046,5.0,27.466293297388987,其他,2024.0
bamec66557/VICIOUS_MESH-12B-GAMMA,12.248,1.0880651776902046,5.0,26.916848818972078,其他,2024.0
bamec66557/VICIOUS_MESH-12B-NEMO,12.248,1.0880651776902046,5.0,23.316444114380342,chat/finetuned,2024.0
bamec66557/VICIOUS_MESH-12B-OMEGA,12.248,1.0880651776902046,5.0,27.49554497317065,其他,2024.0
benhaotang/phi4-qwq-sky-t1,14.66,1.1661339703051092,6.0,31.01825262068425,其他,2025.0
beowolx/CodeNinja-1.0-OpenChat-7B,7.242,0.8598585204809929,5.0,20.460682433184903,chat/finetuned,2024.0
berkeley-nest/Starling-LM-7B-alpha,7.242,0.8598585204809929,5.0,20.83936104726783,chat/finetuned,2024.0
bfuzzy1/llambses-1,7.242,0.8598585204809929,6.0,19.83707295838704,其他,2025.0
bhuvneshsaini/merged_model,4.715,0.6734816970733472,5.0,5.795748828202385,chat/finetuned,2024.0
bond005/meno-tiny-0.1,1.544,0.18864729599971736,6.0,18.850916827026232,chat/finetuned,2025.0
braindao/DeepSeek-R1-Distill-Qwen-14B,14.77,1.1693804953119495,6.0,13.942561374741304,chat/finetuned,2025.0
braindao/DeepSeek-R1-Distill-Qwen-14B-ABUB-ST,14.77,1.1693804953119495,6.0,29.311295170279617,chat/finetuned,2025.0
braindao/DeepSeek-R1-Distill-Qwen-7B,7.616,0.8817269353764179,6.0,11.398600284940263,chat/finetuned,2025.0
braindao/DeepSeek-R1-Distill-Qwen-7B-ORPO-Uncensored,7.616,0.8817269353764179,6.0,10.72103457820772,chat/finetuned,2025.0
braindao/Qwen2.5-14B,14.77,1.1693804953119495,6.0,32.436238941896505,pretrained,2025.0
braindao/Qwen2.5-14B-Instruct,14.77,1.1693804953119495,6.0,41.60549009199536,chat/finetuned,2025.0
braindao/iq-code-evmind-0.5b,0.494,-0.30627305107635305,6.0,7.0224136272788416,chat/finetuned,2025.0
brgx53/3Bgeneral-ECE-PRYMMAL-Martial,3.821,0.5821770376884089,5.0,23.281187153244208,其他,2024.0
brgx53/3Bgeneralv2-ECE-PRYMMAL-Martial,3.0,0.47712125471966244,5.0,31.48239660410299,其他,2024.0
brgx53/3Blareneg-ECE-PRYMMAL-Martial,3.821,0.5821770376884089,5.0,22.75631720130753,其他,2024.0
brgx53/3Blarenegv2-ECE-PRYMMAL-Martial,7.616,0.8817269353764179,5.0,31.457001024079023,其他,2024.0
bunnycore/HyperLlama-3.1-8B,8.03,0.9047155452786809,5.0,28.44897570570595,其他,2024.0
bunnycore/Phi-4-Model-Stock,14.66,1.1661339703051092,6.0,40.7857160927999,其他,2025.0
bunnycore/Phi-4-RP-v0,14.66,1.1661339703051092,6.0,38.21180801915013,其他,2025.0
bunnycore/Phi-4-ReasoningRP,14.66,1.1661339703051092,6.0,40.9538705823328,chat/finetuned,2025.0
bunnycore/Phi-4-Stock-RP,14.66,1.1661339703051092,6.0,39.044084455528825,chat/finetuned,2025.0
bunnycore/SmolLM2-1.7-Persona,1.711,0.23325000954110028,5.0,14.527349011570474,chat/finetuned,2024.0
bunnycore/SmolLM2-1.7B-roleplay-lora,3.423,0.5344068991378771,5.0,14.47905997638928,chat/finetuned,2024.0
byroneverson/Yi-1.5-9B-Chat-16K-abliterated,8.829,0.9459115168192734,5.0,26.948135419447976,chat/finetuned,2024.0
byroneverson/Yi-1.5-9B-Chat-abliterated,8.829,0.9459115168192734,5.0,26.270006043497983,chat/finetuned,2024.0
carsenk/flippa-v6,16.061,1.2057725820984198,5.0,20.776367026140395,chat/finetuned,2024.0
carsenk/phi3.5_mini_exp_825_uncensored,3.821,0.5821770376884089,5.0,3.6431087408611895,chat/finetuned,2024.0
cckm/tinymistral_950m,0.955,-0.019996628416253676,6.0,5.219822920055284,pretrained,2025.0
chargoddard/prometheus-2-llama-3-8b,8.03,0.9047155452786809,5.0,19.318861828334345,chat/finetuned,2024.0
chujiezheng/Llama-3-Instruct-8B-SimPO-ExPO,8.03,0.9047155452786809,5.0,23.054922214082467,chat/finetuned,2024.0
chujiezheng/Mistral7B-PairRM-SPPO-ExPO,7.242,0.8598585204809929,5.0,13.61714888899552,chat/finetuned,2024.0
cjvt/GaMS-1B,1.54,0.18752072083646307,6.0,4.621759796234088,pretrained,2025.0
cloudyu/Llama-3-70Bx2-MOE,126.926,2.10355059372542,5.0,35.66646489034437,chat/finetuned,2024.0
cloudyu/Mixtral_34Bx2_MoE_60B,60.814,1.784003569779971,5.0,27.61116919285104,其他,2024.0
cloudyu/S1-Llama-3.2-3Bx4-MoE,9.555,0.9802306913910317,6.0,19.960751542556377,chat/finetuned,2025.0
cloudyu/Yi-34Bx2-MoE-60B-DPO,60.814,1.784003569779971,5.0,26.04350240565636,chat/finetuned,2024.0
cluebbers/Llama-3.1-8B-paraphrase-type-generation-apty-ipo,8.03,0.9047155452786809,5.0,10.051762435192131,chat/finetuned,2024.0
cluebbers/Llama-3.1-8B-paraphrase-type-generation-apty-sigmoid,8.03,0.9047155452786809,5.0,10.070699081571052,chat/finetuned,2024.0
cluebbers/Llama-3.1-8B-paraphrase-type-generation-etpc,8.03,0.9047155452786809,5.0,9.681788175038944,chat/finetuned,2024.0
cognitivecomputations/Dolphin3.0-Llama3.1-8B,8.03,0.9047155452786809,6.0,25.26984394173985,chat/finetuned,2025.0
cognitivecomputations/Dolphin3.0-Llama3.2-1B,1.236,0.09201847075279702,6.0,11.140988411587436,chat/finetuned,2025.0
cognitivecomputations/Dolphin3.0-Qwen2.5-0.5B,0.494,-0.30627305107635305,6.0,10.626273337296174,chat/finetuned,2025.0
cognitivecomputations/dolphin-2.9.1-llama-3-70b,70.554,1.8485216407506466,5.0,25.53438611403665,chat/finetuned,2024.0
cognitivecomputations/dolphin-2.9.1-yi-1.5-34b,34.389,1.5364195471277338,5.0,28.3072040459155,chat/finetuned,2024.0
cognitivecomputations/dolphin-2.9.1-yi-1.5-9b,8.829,0.9459115168192734,5.0,25.639724124308238,chat/finetuned,2024.0
cognitivecomputations/dolphin-2.9.2-Phi-3-Medium-abliterated,13.96,1.1448854182871424,5.0,25.590063720348784,chat/finetuned,2024.0
cognitivecomputations/dolphin-2.9.2-Phi-3-Medium-abliterated,13.96,1.1448854182871424,5.0,28.53887227810586,chat/finetuned,2024.0
cognitivecomputations/dolphin-2.9.2-qwen2-7b,7.616,0.8817269353764179,5.0,21.27208217477453,chat/finetuned,2024.0
cognitivecomputations/dolphin-2.9.3-Yi-1.5-34B-32k,34.0,1.5314789170422551,5.0,27.098382647973175,chat/finetuned,2024.0
cognitivecomputations/dolphin-2.9.3-mistral-7B-32k,7.248,0.8602181846687567,5.0,19.348695949526363,chat/finetuned,2024.0
cognitivecomputations/dolphin-2.9.3-mistral-nemo-12b,12.248,1.0880651776902046,5.0,24.9724308416491,chat/finetuned,2024.0
cognitivecomputations/dolphin-2.9.4-gemma2-2b,2.614,0.4173055832445255,5.0,9.835205324051351,chat/finetuned,2024.0
cognitivecomputations/dolphin-2.9.4-llama3.1-8b,8.03,0.9047155452786809,5.0,7.1318611826224165,chat/finetuned,2024.0
cpayne1303/cp2024,0.031,-1.5086383061657274,5.0,3.702132658945494,pretrained,2024.0
cpayne1303/cp2024-instruct,0.031,-1.5086383061657274,5.0,4.319731373654743,pretrained,2024.0
cpayne1303/llama-43m-beta,0.043,-1.3665315444204136,5.0,5.288331692594867,pretrained,2024.0
cpayne1303/llama-43m-beta,0.043,-1.3665315444204136,5.0,5.422628758277313,pretrained,2024.0
cpayne1303/smallcp2024,0.002,-2.6989700043360187,5.0,3.543848434170488,pretrained,2024.0
cstr/llama3.1-8b-spaetzle-v90,8.03,0.9047155452786809,5.0,27.855367438578327,其他,2024.0
cyberagent/calm3-22b-chat,22.543,1.3530117110334527,5.0,21.451118364125847,chat/finetuned,2024.0
darkc0de/BuddyGlassUncensored2025.2,10.306,1.0130901381250559,6.0,33.625792878130945,chat/finetuned,2025.0
databricks/dolly-v2-12b,12.0,1.0791812460476249,5.0,6.370435703496376,chat/finetuned,2024.0
databricks/dolly-v2-3b,3.0,0.47712125471966244,5.0,5.59965824307081,chat/finetuned,2024.0
databricks/dolly-v2-7b,7.0,0.8450980400142568,5.0,5.647360474812998,chat/finetuned,2024.0
davidkim205/Rhea-72b-v0.5,72.0,1.8573324964312685,5.0,5.99895584588256,chat/finetuned,2024.0
davidkim205/nox-solar-10.7b-v4,10.732,1.0306806639999013,5.0,18.514321082123697,chat/finetuned,2024.0
deepseek-ai/DeepSeek-R1-Distill-Llama-70B,70.554,1.8485216407506466,6.0,27.809426360756188,chat/finetuned,2025.0
deepseek-ai/DeepSeek-R1-Distill-Llama-8B,8.03,0.9047155452786809,6.0,13.059950104920146,chat/finetuned,2025.0
deepseek-ai/DeepSeek-R1-Distill-Qwen-1.5B,1.777,0.2496874278053015,6.0,10.351036796154286,chat/finetuned,2025.0
deepseek-ai/DeepSeek-R1-Distill-Qwen-14B,14.77,1.1693804953119495,6.0,38.22146462032291,chat/finetuned,2025.0
deepseek-ai/DeepSeek-R1-Distill-Qwen-32B,32.764,1.5153969172605857,6.0,22.96226839270608,chat/finetuned,2025.0
deepseek-ai/DeepSeek-R1-Distill-Qwen-7B,7.616,0.8817269353764179,6.0,14.99492256865316,chat/finetuned,2025.0
dfurman/CalmeRys-78B-Orpo-v0.1,77.965,1.891899683226219,5.0,51.23132307602696,chat/finetuned,2024.0
dfurman/Llama-3-70B-Orpo-v0.1,70.554,1.8485216407506466,5.0,18.300061469360838,chat/finetuned,2024.0
dfurman/Llama-3-8B-Orpo-v0.1,8.03,0.9047155452786809,5.0,10.89448042775765,chat/finetuned,2024.0
dfurman/Llama-3-8B-Orpo-v0.1,8.03,0.9047155452786809,5.0,11.076157946218345,chat/finetuned,2024.0
dicta-il/dictalm2.0,7.251,0.8603979051273128,5.0,11.895185345587594,pretrained,2024.0
dicta-il/dictalm2.0-instruct,7.251,0.8603979051273128,5.0,16.7792214696191,chat/finetuned,2024.0
distilbert/distilgpt2,0.088,-1.0555173278498313,5.0,4.002273827220365,pretrained,2024.0
divyanshukunwar/SASTRI_1_9B,5.211,0.7169210731667611,5.0,19.42175962571148,chat/finetuned,2024.0
dnhkng/RYS-Medium,18.731,1.272560963861557,5.0,26.44775194883569,pretrained,2024.0
dnhkng/RYS-Llama-3-8B-Instruct,8.248,0.9163486522754601,5.0,21.92277473665084,chat/finetuned,2024.0
dnhkng/RYS-Llama-3-Huge-Instruct,99.646,1.9984598698925613,5.0,34.64400590559008,chat/finetuned,2024.0
dnhkng/RYS-Llama-3-Large-Instruct,73.976,1.8690908446207277,5.0,35.981216135127745,chat/finetuned,2024.0
dnhkng/RYS-Llama-3.1-8B-Instruct,8.685,0.9387698227831175,5.0,26.763955214988574,chat/finetuned,2024.0
dnhkng/RYS-Llama3.1-Large,81.677,1.9120997777153266,5.0,42.70529151024601,chat/finetuned,2024.0
dnhkng/RYS-Phi-3-medium-4k-instruct,17.709,1.2481940379408571,5.0,29.093689949569903,pretrained,2024.0
dnhkng/RYS-XLarge,77.965,1.891899683226219,5.0,45.345219749056206,chat/finetuned,2024.0
dnhkng/RYS-XLarge-base,77.972,1.8919386741183788,5.0,44.096835700317605,chat/finetuned,2024.0
dreamgen/WizardLM-2-7B,7.242,0.8598585204809929,5.0,14.877542593987686,chat/finetuned,2024.0
dwikitheduck/gemma-2-2b-id,2.0,0.3010299956639812,5.0,14.849648233221265,chat/finetuned,2024.0
dwikitheduck/gemma-2-2b-id-inst,2.0,0.3010299956639812,5.0,14.849648233221265,chat/finetuned,2024.0
dwikitheduck/gemma-2-2b-id-instruct,2.0,0.3010299956639812,5.0,14.849648233221265,chat/finetuned,2024.0
dwikitheduck/gen-inst-1,14.77,1.1693804953119495,5.0,40.88019801465988,chat/finetuned,2024.0
dwikitheduck/gen-try1,14.77,1.1693804953119495,5.0,39.412127202941626,chat/finetuned,2024.0
dzakwan/dzakwan-MoE-4x7b-Beta,24.154,1.3829890619644598,5.0,20.76930305324143,其他,2024.0
ehristoforu/Gemma2-9B-it-psy10k-mental_health,9.242,0.9657659641826862,5.0,27.19248947734485,chat/finetuned,2024.0
ehristoforu/Gemma2-9b-it-train6,9.242,0.9657659641826862,5.0,30.5339867395368,chat/finetuned,2024.0
ehristoforu/HappyLlama1,8.03,0.9047155452786809,5.0,26.735379379762943,chat/finetuned,2024.0
ehristoforu/RQwen-v0.1,14.77,1.1693804953119495,5.0,39.73075710536471,chat/finetuned,2024.0
ehristoforu/RQwen-v0.2,14.77,1.1693804953119495,5.0,37.702469412365296,chat/finetuned,2024.0
ehristoforu/SoRu-0009,0.494,-0.30627305107635305,5.0,6.300240741893716,chat/finetuned,2024.0
ehristoforu/falcon3-ultraset,7.456,0.8725058993459249,6.0,32.53688653155465,chat/finetuned,2025.0
ehristoforu/fd-lora-merged-16x32,1.776,0.2494429614425822,6.0,10.454537831938053,chat/finetuned,2025.0
ehristoforu/fd-lora-merged-64x128,1.777,0.2496874278053015,6.0,11.210864438231852,chat/finetuned,2025.0
ehristoforu/rmoe-v1,11.026,1.0424179881432503,6.0,5.841232027005013,chat/finetuned,2025.0
ehristoforu/rufalcon3-3b-it,3.228,0.5089335260500328,6.0,20.64141899254107,chat/finetuned,2025.0
ehristoforu/ruphi-4b,3.821,0.5821770376884089,6.0,4.080739303536478,chat/finetuned,2025.0
ehristoforu/tmoe,11.026,1.0424179881432503,6.0,3.652324770801055,chat/finetuned,2025.0
ehristoforu/tmoe-v2,11.026,1.0424179881432503,6.0,5.712206463926581,chat/finetuned,2025.0
elinas/Chronos-Gold-12B-1.0,12.248,1.0880651776902046,5.0,21.82816794846716,chat/finetuned,2024.0
ell44ot/gemma-2b-def,1.546,0.18920948958230613,5.0,8.12291928068411,pretrained,2024.0
euclaise/ReMask-3B,2.795,0.4463818122224421,5.0,7.294404589328096,chat/finetuned,2024.0
ewre324/Thinker-Llama-3.2-3B-Instruct-Reasoning,3.213,0.5069107255515181,6.0,17.331991514504523,chat/finetuned,2025.0
ewre324/Thinker-Qwen2.5-0.5B-Instruct-Reasoning,0.494,-0.30627305107635305,6.0,8.066116427700267,chat/finetuned,2025.0
ewre324/Thinker-SmolLM2-135M-Instruct-Reasoning,0.135,-0.8696662315049939,6.0,5.843149272359046,chat/finetuned,2025.0
experiment-llm/exp-3-q-r,7.616,0.8817269353764179,5.0,29.50441044971987,chat/finetuned,2024.0
failspy/Llama-3-8B-Instruct-abliterated,8.03,0.9047155452786809,5.0,19.190256107675243,chat/finetuned,2024.0
failspy/Meta-Llama-3-70B-Instruct-abliterated-v3.5,70.554,1.8485216407506466,5.0,30.12935413704135,chat/finetuned,2024.0
failspy/Meta-Llama-3-8B-Instruct-abliterated-v3,8.03,0.9047155452786809,6.0,23.933089775002568,chat/finetuned,2025.0
failspy/Phi-3-medium-4k-instruct-abliterated-v3,13.96,1.1448854182871424,5.0,31.85112078051007,chat/finetuned,2024.0
failspy/llama-3-70B-Instruct-abliterated,70.554,1.8485216407506466,5.0,35.89001866123902,chat/finetuned,2024.0
fblgit/UNA-SimpleSmaug-34b-v1beta,34.389,1.5364195471277338,5.0,24.2920916316972,chat/finetuned,2024.0
fblgit/juanako-7b-UNA,7.242,0.8598585204809929,5.0,20.86306801598857,chat/finetuned,2024.0
fblgit/una-cybertron-7b-v2-bf16,7.242,0.8598585204809929,5.0,17.217324719799368,chat/finetuned,2024.0
fhai50032/RolePlayLake-7B,7.242,0.8598585204809929,6.0,22.754717527935792,chat/finetuned,2025.0
fhai50032/Unaligned-Thinker-PHI-4,14.66,1.1661339703051092,6.0,28.89926817829444,chat/finetuned,2025.0
flammenai/Llama3.1-Flammades-70B,70.554,1.8485216407506466,5.0,36.99412053300816,chat/finetuned,2024.0
flammenai/Mahou-1.2a-llama3-8B,8.03,0.9047155452786809,5.0,21.791261651208817,chat/finetuned,2024.0
flammenai/Mahou-1.2a-mistral-7B,7.242,0.8598585204809929,5.0,19.578990668864712,chat/finetuned,2024.0
flammenai/Mahou-1.5-llama3.1-70B,70.554,1.8485216407506466,5.0,37.34491319969544,chat/finetuned,2024.0
flammenai/Mahou-1.5-mistral-nemo-12B,12.248,1.0880651776902046,5.0,26.88532589921436,chat/finetuned,2024.0
flammenai/flammen15-gutenberg-DPO-v1-7B,7.242,0.8598585204809929,5.0,21.61269842919876,chat/finetuned,2024.0
fluently-lm/FluentlyLM-Prinum,32.764,1.5153969172605857,6.0,47.21693789116021,chat/finetuned,2025.0
fluently-lm/Llama-TI-8B,8.03,0.9047155452786809,5.0,21.062119760175158,chat/finetuned,2024.0
fluently-lm/Llama-TI-8B-Instruct,8.03,0.9047155452786809,6.0,29.67161684095501,chat/finetuned,2025.0
fluently-sets/FalconThink3-10B-IT,10.306,1.0130901381250559,5.0,34.620674425220905,chat/finetuned,2024.0
fluently-sets/reasoning-1-1k-demo,14.77,1.1693804953119495,5.0,38.341663670523,chat/finetuned,2024.0
freewheelin/free-evo-qwen72b-v0.8-re,72.288,1.859066209240269,5.0,32.4749309635116,chat/finetuned,2024.0
freewheelin/free-solar-evo-v0.1,10.732,1.0306806639999013,5.0,16.42145204334013,chat/finetuned,2024.0
freewheelin/free-solar-evo-v0.11,10.732,1.0306806639999013,5.0,16.77976316256584,chat/finetuned,2024.0
freewheelin/free-solar-evo-v0.13,10.732,1.0306806639999013,5.0,17.40590132423633,chat/finetuned,2024.0
fulim/FineLlama-3.1-8B,8.0,0.9030899869919435,5.0,13.250843761720356,chat/finetuned,2024.0
gaverfraxz/Meta-Llama-3.1-8B-Instruct-HalfAbliterated-DELLA,8.03,0.9047155452786809,5.0,12.108403733798744,其他,2024.0
gaverfraxz/Meta-Llama-3.1-8B-Instruct-HalfAbliterated-TIES,8.03,0.9047155452786809,5.0,20.99904174519205,其他,2024.0
gbueno86/Brinebreath-Llama-3.1-70B,70.554,1.8485216407506466,5.0,36.25499179659365,其他,2024.0
gbueno86/Meta-LLama-3-Cat-Smaug-LLama-70b,70.554,1.8485216407506466,5.0,38.69613307300818,其他,2024.0
gmonsoon/SahabatAI-Llama-11B-Test,11.52,1.0614524790871933,5.0,16.26561908313948,其他,2024.0
gmonsoon/SahabatAI-MediChatIndo-8B-v1,8.03,0.9047155452786809,5.0,17.29986493129456,chat/finetuned,2024.0
gmonsoon/gemma2-9b-sahabatai-v1-instruct-BaseTIES,9.242,0.9657659641826862,5.0,33.8045690236527,其他,2024.0
godlikehhd/alpaca_data_full_2,1.544,0.18864729599971736,6.0,16.073236944099644,chat/finetuned,2025.0
godlikehhd/alpaca_data_full_3B,3.086,0.4893959217271294,6.0,21.16254856881883,chat/finetuned,2025.0
godlikehhd/alpaca_data_ifd_max_2600,1.544,0.18864729599971736,6.0,15.169551135723683,chat/finetuned,2025.0
godlikehhd/alpaca_data_ifd_max_2600_3B,3.086,0.4893959217271294,6.0,18.603034635124093,chat/finetuned,2025.0
godlikehhd/alpaca_data_ifd_min_2600,1.544,0.18864729599971736,6.0,16.51777329215277,chat/finetuned,2025.0
godlikehhd/alpaca_data_ins_max_5200,1.544,0.18864729599971736,6.0,15.68373909505621,chat/finetuned,2025.0
godlikehhd/alpaca_data_ins_min_2600,1.544,0.18864729599971736,6.0,16.228325384264654,chat/finetuned,2025.0
godlikehhd/alpaca_data_ins_min_5200,1.544,0.18864729599971736,6.0,16.38323586874574,chat/finetuned,2025.0
godlikehhd/alpaca_data_sampled_ifd_5200,1.544,0.18864729599971736,6.0,15.703649205002767,chat/finetuned,2025.0
godlikehhd/alpaca_data_sampled_ifd_new_5200,1.544,0.18864729599971736,6.0,16.53778065653717,chat/finetuned,2025.0
godlikehhd/alpaca_data_score_max_0.1_2600,1.544,0.18864729599971736,6.0,15.917241105745404,chat/finetuned,2025.0
godlikehhd/alpaca_data_score_max_0.3_2600,1.544,0.18864729599971736,6.0,15.960793093536113,chat/finetuned,2025.0
godlikehhd/alpaca_data_score_max_0.7_2600,1.544,0.18864729599971736,6.0,16.630379005915092,chat/finetuned,2025.0
godlikehhd/alpaca_data_score_max_2500,1.544,0.18864729599971736,6.0,16.49115247845423,chat/finetuned,2025.0
godlikehhd/alpaca_data_score_max_2600_3B,3.086,0.4893959217271294,6.0,19.567090626055247,chat/finetuned,2025.0
godlikehhd/alpaca_data_score_max_5200,1.544,0.18864729599971736,6.0,16.366037527264833,chat/finetuned,2025.0
google/codegemma-1.1-2b,2.506,0.39898106665813116,5.0,7.133867903047553,pretrained,2024.0
google/flan-t5-base,0.248,-0.6055483191737837,5.0,6.415642124982084,pretrained,2024.0
google/flan-t5-large,0.783,-0.10623823794205658,5.0,9.658122925542836,pretrained,2024.0
google/flan-t5-small,0.077,-1.1135092748275182,5.0,6.129661810537869,pretrained,2024.0
google/flan-t5-xl,2.85,0.4548448600085102,5.0,11.70507257989283,pretrained,2024.0
google/flan-t5-xl,2.85,0.4548448600085102,5.0,11.58716743755607,pretrained,2024.0
google/flan-t5-xxl,11.267,1.0518082943170914,5.0,13.662077060970686,chat/finetuned,2024.0
google/flan-ul2,19.46,1.2891428359323331,5.0,13.675998692966036,pretrained,2024.0
google/gemma-1.1-2b-it,2.506,0.39898106665813116,5.0,8.053373854341979,chat/finetuned,2024.0
google/gemma-1.1-7b-it,8.538,0.931356150467928,5.0,17.693584228972615,chat/finetuned,2024.0
google/gemma-2-27b,27.227,1.4349997913501735,5.0,23.926167340782825,pretrained,2024.0
google/gemma-2-27b-it,27.227,1.4349997913501735,5.0,36.17428251510342,chat/finetuned,2024.0
google/gemma-2-2b,2.614,0.4173055832445255,5.0,10.129463155055184,pretrained,2024.0
google/gemma-2-2b,2.614,0.4173055832445255,5.0,10.359615568466916,pretrained,2024.0
google/gemma-2-2b-it,2.614,0.4173055832445255,5.0,17.046939294966545,chat/finetuned,2024.0
google/gemma-2-2b-jpn-it,2.614,0.4173055832445255,5.0,17.11540570593849,pretrained,2024.0
google/gemma-2-2b-jpn-it,2.614,0.4173055832445255,5.0,16.678630066922224,chat/finetuned,2024.0
google/gemma-2-9b,9.0,0.9542425094393249,5.0,21.20528677610069,pretrained,2024.0
google/gemma-2-9b-it,9.0,0.9542425094393249,5.0,32.07276025267082,chat/finetuned,2024.0
google/gemma-2b,2.506,0.39898106665813116,5.0,7.321959810488082,pretrained,2024.0
google/gemma-2b-it,2.506,0.39898106665813116,5.0,7.485804130315127,chat/finetuned,2024.0
google/gemma-7b,8.538,0.931356150467928,5.0,15.442818570272308,pretrained,2024.0
google/gemma-7b-it,8.538,0.931356150467928,5.0,13.067087110466217,chat/finetuned,2024.0
google/mt5-base,0.39,-0.4089353929735008,5.0,3.716339524462038,chat/finetuned,2024.0
google/mt5-small,0.17,-0.769551078621726,5.0,4.255928173277352,chat/finetuned,2024.0
google/mt5-xl,3.23,0.5092025223311029,5.0,5.191420153031625,chat/finetuned,2024.0
google/mt5-xxl,11.9,1.0755469613925308,5.0,5.10307678308611,chat/finetuned,2024.0
google/recurrentgemma-2b,2.683,0.428620672671939,5.0,7.01512699699078,pretrained,2024.0
google/recurrentgemma-2b-it,2.683,0.428620672671939,5.0,7.995905374047496,chat/finetuned,2024.0
google/recurrentgemma-9b,9.0,0.9542425094393249,5.0,13.709460856107864,pretrained,2024.0
google/recurrentgemma-9b-it,9.0,0.9542425094393249,5.0,19.218115006306835,chat/finetuned,2024.0
google/switch-base-8,0.62,-0.20760831050174613,5.0,3.2959502683966075,chat/finetuned,2024.0
gpt2,0.137,-0.8632794328435932,5.0,6.39102973137443,pretrained,2024.0
gpt2,0.137,-0.8632794328435932,5.0,5.977736928104574,pretrained,2024.0
gradientai/Llama-3-8B-Instruct-Gradient-1048k,8.03,0.9047155452786809,5.0,18.283333977044872,chat/finetuned,2024.0
grimjim/DeepSauerHuatuoSkywork-R1-o1-Llama-3.1-8B,8.03,0.9047155452786809,6.0,26.940480296007976,其他,2025.0
grimjim/Gigantes-v1-gemma2-9b-it,9.242,0.9657659641826862,5.0,33.23742832143159,其他,2024.0
grimjim/Gigantes-v2-gemma2-9b-it,9.242,0.9657659641826862,5.0,33.876785775265446,其他,2024.0
grimjim/Gigantes-v3-gemma2-9b-it,9.242,0.9657659641826862,5.0,33.49043715511172,其他,2024.0
grimjim/HuatuoSkywork-o1-Llama-3.1-8B,8.03,0.9047155452786809,6.0,24.47799926837126,其他,2025.0
grimjim/Llama-3-Instruct-8B-SPPO-Iter3-SimPO-merge,8.03,0.9047155452786809,5.0,20.83668391168813,其他,2024.0
grimjim/Llama-3-Instruct-8B-SimPO-SPPO-Iter3-merge,8.0,0.9030899869919435,5.0,24.04094205100742,其他,2024.0
grimjim/Llama-3.1-8B-Instruct-abliterated_via_adapter,8.03,0.9047155452786809,5.0,23.21730172505012,chat/finetuned,2024.0
grimjim/Llama-3.1-Bonsaikraft-8B-Instruct,8.03,0.9047155452786809,6.0,22.8566402455144,其他,2025.0
grimjim/Llama-Nephilim-Metamorphosis-v2-8B,8.03,0.9047155452786809,6.0,23.00221313012307,其他,2025.0
grimjim/Llama3.1-SuperNovaLite-HuatuoSkywork-o1-8B,8.03,0.9047155452786809,6.0,25.961665053235677,其他,2025.0
grimjim/Magnolia-v1-Gemma2-8k-9B,9.242,0.9657659641826862,5.0,25.51284798552607,其他,2024.0
grimjim/Magnolia-v2-12B,12.248,1.0880651776902046,5.0,21.577222272679126,其他,2024.0
grimjim/Magnolia-v2-Gemma2-8k-9B,9.242,0.9657659641826862,5.0,34.30134506171324,其他,2024.0
grimjim/Magnolia-v3-12B,12.248,1.0880651776902046,5.0,22.786766373418164,其他,2024.0
grimjim/Magnolia-v3-Gemma2-8k-9B,9.242,0.9657659641826862,5.0,34.353725481327054,其他,2024.0
grimjim/Magnolia-v4-12B,12.248,1.0880651776902046,6.0,22.59384028115097,其他,2025.0
grimjim/Magnolia-v5a-12B,12.248,1.0880651776902046,6.0,22.851795395693376,其他,2025.0
grimjim/Magot-v1-Gemma2-8k-9B,9.242,0.9657659641826862,5.0,24.587402832733005,其他,2024.0
grimjim/Magot-v2-Gemma2-8k-9B,9.242,0.9657659641826862,5.0,32.97995555494225,其他,2024.0
grimjim/SauerHuatuoSkywork-o1-Llama-3.1-8B,8.03,0.9047155452786809,6.0,26.68447204012895,其他,2025.0
gupta-tanish/llama-7b-dpo-baseline,6.738,0.8285310066451015,5.0,11.857290104453796,chat/finetuned,2024.0
gz987/qwen2.5-7b-cabs-v0.1,7.616,0.8817269353764179,6.0,36.56161315485646,其他,2025.0
gz987/qwen2.5-7b-cabs-v0.2,7.616,0.8817269353764179,6.0,36.614018827547945,其他,2025.0
gz987/qwen2.5-7b-cabs-v0.3,7.616,0.8817269353764179,6.0,36.93504663341147,其他,2025.0
gz987/qwen2.5-7b-cabs-v0.4,7.616,0.8817269353764179,6.0,36.88194596713293,其他,2025.0
h2oai/h2o-danube-1.8b-chat,1.831,0.26268834430169646,6.0,6.953761979021041,chat/finetuned,2025.0
h2oai/h2o-danube3-4b-base,3.962,0.5979144712025283,5.0,10.0908487494014,pretrained,2024.0
h2oai/h2o-danube3-4b-chat,3.962,0.5979144712025283,5.0,11.571247407067569,chat/finetuned,2024.0
h2oai/h2o-danube3-500m-chat,0.514,-0.28903688100472424,5.0,5.204440277019856,chat/finetuned,2024.0
h2oai/h2o-danube3.1-4b-chat,3.962,0.5979144712025283,5.0,16.41212819519095,chat/finetuned,2024.0
haoranxu/ALMA-13B-R,13.0,1.1139433523068367,5.0,3.877301978282112,chat/finetuned,2024.0
haoranxu/Llama-3-Instruct-8B-CPO-SimPO,8.03,0.9047155452786809,5.0,24.910737255485603,chat/finetuned,2024.0
haoranxu/Llama-3-Instruct-8B-SimPO,8.03,0.9047155452786809,5.0,24.990729234610715,chat/finetuned,2024.0
hon9kon9ize/CantoneseLLMChat-v0.5,6.069,0.7831171374904671,5.0,15.959800818271107,pretrained,2024.0
hotmailuser/Deepseek-qwen-modelstock-2B,1.777,0.2496874278053015,6.0,13.734549593045678,其他,2025.0
hotmailuser/FalconSlerp-3B,3.228,0.5089335260500328,6.0,22.47273640583823,其他,2025.0
hotmailuser/Gemma2Crono-27B,27.227,1.4349997913501735,5.0,36.28874920037128,其他,2024.0
hotmailuser/Gemma2atlas-27B,27.227,1.4349997913501735,5.0,35.809591577124344,其他,2024.0
hotmailuser/Llama-Hermes-slerp-8B,8.03,0.9047155452786809,5.0,19.59642323585999,其他,2024.0
hotmailuser/Llama-Hermes-slerp2-8B,8.03,0.9047155452786809,5.0,20.611252287971684,其他,2024.0
hotmailuser/LlamaStock-8B,8.03,0.9047155452786809,6.0,24.411960823539555,其他,2025.0
hotmailuser/Mistral-modelstock-24B,23.572,1.3723964324231115,6.0,29.725473787931804,其他,2025.0
hotmailuser/Mistral-modelstock2-24B,23.572,1.3723964324231115,6.0,33.81477606165948,其他,2025.0
hotmailuser/Qwen2.5-HomerSlerp-7B,7.616,0.8817269353764179,5.0,29.43258692955959,其他,2024.0
hotmailuser/QwenModelStock-1.8B,1.777,0.2496874278053015,6.0,16.665220644656603,其他,2025.0
hotmailuser/QwenSlerp-14B,14.766,1.1692628640864462,6.0,40.34991665759889,其他,2025.0
hotmailuser/QwenSlerp-3B,3.397,0.5310955468700279,6.0,24.511060317673625,其他,2025.0
hotmailuser/QwenSlerp-7B,7.616,0.8817269353764179,5.0,30.08674999761204,其他,2024.0
hotmailuser/QwenSlerp2-14B,14.766,1.1692628640864462,6.0,40.85962754388034,其他,2025.0
hotmailuser/QwenSlerp2-3B,3.397,0.5310955468700279,6.0,24.03431047768953,其他,2025.0
hotmailuser/QwenSlerp3-14B,14.766,1.1692628640864462,6.0,39.791587426588,其他,2025.0
hotmailuser/QwenSparse-7B,7.616,0.8817269353764179,6.0,3.4771858660491386,其他,2025.0
hotmailuser/QwenStock-0.5B,0.63,-0.2006594505464183,6.0,5.093186530380667,其他,2025.0
hotmailuser/QwenStock-1.7B,1.777,0.2496874278053015,6.0,16.75925374781586,其他,2025.0
hotmailuser/QwenStock1-14B,14.766,1.1692628640864462,6.0,39.99889430195756,其他,2025.0
hotmailuser/RombosBeagle-v2beta-MGS-32B,32.764,1.5153969172605857,5.0,42.65614620168921,其他,2024.0
huihui-ai/QwQ-32B-Coder-Fusion-7030,32.764,1.5153969172605857,6.0,26.71967034395213,其他,2025.0
huihui-ai/QwQ-32B-Coder-Fusion-8020,32.764,1.5153969172605857,6.0,38.81040369162885,其他,2025.0
huihui-ai/QwQ-32B-Coder-Fusion-9010,32.764,1.5153969172605857,5.0,41.58193870807085,其他,2024.0
huihui-ai/Qwen2.5-14B-Instruct-abliterated-v2,14.77,1.1693804953119495,5.0,41.74807839195605,chat/finetuned,2024.0
huihui-ai/Qwen2.5-7B-Instruct-abliterated,7.616,0.8817269353764179,5.0,34.27590445973728,chat/finetuned,2024.0
huihui-ai/Qwen2.5-7B-Instruct-abliterated-v2,7.616,0.8817269353764179,5.0,34.729008711870584,chat/finetuned,2024.0
iFaz/llama32_1B_en_emo_v1,0.765,-0.11633856484638239,6.0,10.934841101081998,chat/finetuned,2025.0
iFaz/llama32_3B_en_emo_1000_stp,1.848,0.2667019668840879,6.0,23.648597853327,chat/finetuned,2025.0
iFaz/llama32_3B_en_emo_2000_stp,1.848,0.2667019668840879,6.0,23.911624360048616,chat/finetuned,2025.0
iFaz/llama32_3B_en_emo_300_stp,1.848,0.2667019668840879,6.0,23.75197000352155,chat/finetuned,2025.0
iFaz/llama32_3B_en_emo_5000_stp,1.848,0.2667019668840879,6.0,23.22281886664426,chat/finetuned,2025.0
iFaz/llama32_3B_en_emo_v2,1.848,0.2667019668840879,5.0,19.3032163999358,chat/finetuned,2024.0
iFaz/llama32_3B_en_emo_v3,1.848,0.2667019668840879,6.0,18.26359573830477,chat/finetuned,2025.0
iRyanBell/ARC1,8.03,0.9047155452786809,5.0,19.66167494214361,chat/finetuned,2024.0
iRyanBell/ARC1-II,8.03,0.9047155452786809,5.0,9.559430625313343,chat/finetuned,2024.0
ibivibiv/colossus_120b,117.749,2.0709572275094175,5.0,25.415203305397444,chat/finetuned,2024.0
ibivibiv/multimaster-7b-v6,35.428,1.5493466360057608,5.0,21.089768673380156,chat/finetuned,2024.0
ibm/PowerLM-3b,3.512,0.545554507234065,6.0,11.5240792202122,pretrained,2025.0
ibm/merlinite-7b,7.242,0.8598585204809929,5.0,16.751033885892248,chat/finetuned,2024.0
ibm-granite/granite-3.0-3b-a800m-instruct,3.374,0.5281450782531064,5.0,13.698124325974996,chat/finetuned,2024.0
ibm-granite/granite-3.0-8b-base,8.171,0.9122752104988123,5.0,21.690924398799496,pretrained,2024.0
ibm-granite/granite-3.0-8b-instruct,8.171,0.9122752104988123,5.0,24.027678753483297,chat/finetuned,2024.0
ibm-granite/granite-3.1-1b-a400m-base,1.335,0.125481265700594,5.0,6.312391508281799,pretrained,2024.0
ibm-granite/granite-3.1-1b-a400m-instruct,1.335,0.125481265700594,5.0,10.127255876383268,chat/finetuned,2024.0
ibm-granite/granite-3.1-2b-base,2.534,0.4038066105474225,5.0,13.202826259598206,pretrained,2024.0
ibm-granite/granite-3.1-2b-instruct,2.534,0.4038066105474225,5.0,21.712212822028288,chat/finetuned,2024.0
ibm-granite/granite-3.1-3b-a800m-base,3.299,0.5183823155453439,5.0,10.00105158723934,pretrained,2024.0
ibm-granite/granite-3.1-3b-a800m-instruct,3.299,0.5183823155453439,5.0,17.277676062054883,chat/finetuned,2024.0
ibm-granite/granite-3.1-8b-base,8.171,0.9122752104988123,5.0,20.05719991900457,pretrained,2024.0
ibm-granite/granite-3.1-8b-instruct,8.171,0.9122752104988123,5.0,30.6030430081627,chat/finetuned,2024.0
ibm-granite/granite-3.2-2b-instruct,2.534,0.4038066105474225,6.0,21.25014812377563,chat/finetuned,2025.0
ibm-granite/granite-3.2-8b-instruct,8.171,0.9122752104988123,6.0,30.7704488980163,chat/finetuned,2025.0
ibm-granite/granite-7b-base,6.738,0.8285310066451015,5.0,7.908701929835419,pretrained,2024.0
ibm-granite/granite-7b-instruct,6.738,0.8285310066451015,5.0,12.03495955436329,chat/finetuned,2024.0
ifable/gemma-2-Ifable-9B,9.242,0.9657659641826862,5.0,23.56844886390901,chat/finetuned,2024.0
ilsp/Llama-Krikri-8B-Instruct,8.202,0.9139197649514659,6.0,24.18078391296001,chat/finetuned,2025.0
insightfactory/Llama-3.2-3B-Instruct-unsloth-bnb-4bitlora_model,1.933,0.286231854028553,6.0,17.182396518039905,chat/finetuned,2025.0
instruction-pretrain/InstructLM-500M,0.5,-0.3010299956639812,5.0,2.8543503197666724,pretrained,2024.0
intervitens/mini-magnum-12b-v1.1,12.248,1.0880651776902046,5.0,21.028735164842907,chat/finetuned,2024.0
invalid-coder/Sakura-SOLAR-Instruct-CarbonVillain-en-10.7B-v2-slerp,10.732,1.0306806639999013,5.0,20.348078956309557,其他,2024.0
invisietch/EtherealRainbow-v0.2-8B,8.03,0.9047155452786809,5.0,20.106576639387253,其他,2024.0
invisietch/EtherealRainbow-v0.3-8B,8.03,0.9047155452786809,5.0,19.791231655800487,其他,2024.0
irahulpandey/mistralai-7B-slerp-v0.1,7.242,0.8598585204809929,6.0,21.352696815222927,其他,2025.0
jaredjoss/pythia-410m-roberta-lr_8e7-kl_01-steps_12000-rlhf-model,0.407,-0.39040559077478,5.0,3.81661033477558,chat/finetuned,2024.0
jayasuryajsk/Qwen2.5-3B-reasoner,3.086,0.4893959217271294,6.0,22.088475922135004,chat/finetuned,2025.0
jebish7/Llama-3.1-8B-Instruct,8.03,0.9047155452786809,6.0,24.02231249174472,pretrained,2025.0
jebish7/gemma-2-2b-it,2.614,0.4173055832445255,6.0,12.36333618408293,pretrained,2025.0
jebish7/gemma-2-9b-it,9.242,0.9657659641826862,6.0,21.76298915231794,pretrained,2025.0
jeffmeloy/Qwen-7B-nerd-uncensored-v1.0,7.616,0.8817269353764179,5.0,31.82039597916994,chat/finetuned,2024.0
jeffmeloy/Qwen2.5-7B-minperplexity-2,7.0,0.8450980400142568,5.0,30.04145905845039,chat/finetuned,2024.0
jeffmeloy/Qwen2.5-7B-nerd-uncensored-v0.9,7.616,0.8817269353764179,5.0,31.896915034467217,chat/finetuned,2024.0
jeffmeloy/Qwen2.5-7B-nerd-uncensored-v1.0,7.616,0.8817269353764179,5.0,36.19369887340693,其他,2024.0
jeffmeloy/Qwen2.5-7B-nerd-uncensored-v1.1,7.616,0.8817269353764179,5.0,24.68428340568832,chat/finetuned,2024.0
jeffmeloy/Qwen2.5-7B-nerd-uncensored-v1.2,7.616,0.8817269353764179,5.0,23.39859502000825,chat/finetuned,2024.0
jeffmeloy/Qwen2.5-7B-nerd-uncensored-v1.3,7.0,0.8450980400142568,5.0,24.06198639675365,chat/finetuned,2024.0
jeffmeloy/Qwen2.5-7B-nerd-uncensored-v1.4,7.616,0.8817269353764179,5.0,31.56603265287841,chat/finetuned,2024.0
jeffmeloy/Qwen2.5-7B-nerd-uncensored-v1.5,7.616,0.8817269353764179,5.0,31.834944840883523,chat/finetuned,2024.0
jeffmeloy/Qwen2.5-7B-nerd-uncensored-v1.7,7.616,0.8817269353764179,5.0,28.677649337210752,chat/finetuned,2024.0
jeffmeloy/Qwen2.5-7B-nerd-uncensored-v1.8,7.616,0.8817269353764179,6.0,31.635927180803225,chat/finetuned,2025.0
jeffmeloy/Qwen2.5-7B-olm-v1.0,7.616,0.8817269353764179,5.0,30.10856309487849,chat/finetuned,2024.0
jeffmeloy/Qwen2.5-7B-olm-v1.1,7.616,0.8817269353764179,5.0,30.253116755964555,chat/finetuned,2024.0
jeffmeloy/Qwen2.5-7B-olm-v1.2,7.616,0.8817269353764179,6.0,28.53753917623895,chat/finetuned,2025.0
jeffmeloy/Qwen2.5-7B-olm-v1.3,7.616,0.8817269353764179,6.0,29.2967667117791,chat/finetuned,2025.0
jeffmeloy/Qwen2.5-7B-olm-v1.4,7.616,0.8817269353764179,6.0,29.182337218829197,chat/finetuned,2025.0
jeffmeloy/Qwen2.5-7B-olm-v1.5,7.616,0.8817269353764179,6.0,29.23575275519298,其他,2025.0
jeffmeloy/jeffmeloy_Qwen2.5-7B-minperplexity-1,7.616,0.8817269353764179,5.0,27.475832080246903,chat/finetuned,2024.0
jieliu/Storm-7B,7.242,0.8598585204809929,5.0,19.763877835116062,chat/finetuned,2024.0
jiviai/medX_v2,8.03,0.9047155452786809,6.0,17.31888331901421,chat/finetuned,2025.0
johnsutor/Llama-3-8B-Instruct_breadcrumbs-density-0.1-gamma-0.01,8.03,0.9047155452786809,5.0,22.442126802141008,其他,2024.0
johnsutor/Llama-3-8B-Instruct_breadcrumbs-density-0.1-gamma-0.1,8.03,0.9047155452786809,5.0,21.44635595224064,其他,2024.0
johnsutor/Llama-3-8B-Instruct_breadcrumbs-density-0.3-gamma-0.01,8.03,0.9047155452786809,5.0,20.2797757714617,其他,2024.0
johnsutor/Llama-3-8B-Instruct_breadcrumbs-density-0.3-gamma-0.1,8.03,0.9047155452786809,5.0,21.833220529017808,其他,2024.0
johnsutor/Llama-3-8B-Instruct_breadcrumbs-density-0.5-gamma-0.01,8.03,0.9047155452786809,5.0,19.44753152983463,其他,2024.0
johnsutor/Llama-3-8B-Instruct_breadcrumbs-density-0.5-gamma-0.1,8.03,0.9047155452786809,5.0,22.371145290205718,其他,2024.0
johnsutor/Llama-3-8B-Instruct_breadcrumbs-density-0.7-gamma-0.01,8.03,0.9047155452786809,5.0,18.480197691407646,其他,2024.0
johnsutor/Llama-3-8B-Instruct_breadcrumbs-density-0.7-gamma-0.1,8.03,0.9047155452786809,5.0,21.77274590923878,其他,2024.0
johnsutor/Llama-3-8B-Instruct_breadcrumbs-density-0.9-gamma-0.01,8.03,0.9047155452786809,5.0,18.508789697368925,其他,2024.0
johnsutor/Llama-3-8B-Instruct_breadcrumbs-density-0.9-gamma-0.1,8.03,0.9047155452786809,5.0,21.931665888548704,其他,2024.0
johnsutor/Llama-3-8B-Instruct_breadcrumbs_ties-density-0.1-gamma-0.01,8.03,0.9047155452786809,5.0,22.174229898217675,其他,2024.0
johnsutor/Llama-3-8B-Instruct_breadcrumbs_ties-density-0.1-gamma-0.1,8.03,0.9047155452786809,5.0,21.30340213029072,其他,2024.0
johnsutor/Llama-3-8B-Instruct_breadcrumbs_ties-density-0.3-gamma-0.01,8.03,0.9047155452786809,5.0,20.586572385911417,其他,2024.0
johnsutor/Llama-3-8B-Instruct_breadcrumbs_ties-density-0.3-gamma-0.1,8.03,0.9047155452786809,5.0,21.72360178956288,其他,2024.0
johnsutor/Llama-3-8B-Instruct_breadcrumbs_ties-density-0.5-gamma-0.01,8.03,0.9047155452786809,5.0,20.250340892451284,其他,2024.0
johnsutor/Llama-3-8B-Instruct_breadcrumbs_ties-density-0.5-gamma-0.1,8.03,0.9047155452786809,5.0,21.442231277824096,其他,2024.0
johnsutor/Llama-3-8B-Instruct_breadcrumbs_ties-density-0.7-gamma-0.01,8.03,0.9047155452786809,5.0,19.28808146621785,其他,2024.0
johnsutor/Llama-3-8B-Instruct_breadcrumbs_ties-density-0.7-gamma-0.1,8.03,0.9047155452786809,5.0,21.626887508307224,其他,2024.0
johnsutor/Llama-3-8B-Instruct_breadcrumbs_ties-density-0.9-gamma-0.01,8.03,0.9047155452786809,5.0,19.06061039400886,其他,2024.0
johnsutor/Llama-3-8B-Instruct_breadcrumbs_ties-density-0.9-gamma-0.1,8.03,0.9047155452786809,5.0,21.361497158834094,其他,2024.0
johnsutor/Llama-3-8B-Instruct_dare_linear,8.03,0.9047155452786809,5.0,14.123522915539402,其他,2024.0
johnsutor/Llama-3-8B-Instruct_dare_ties-density-0.1,8.03,0.9047155452786809,5.0,11.632495167787908,其他,2024.0
johnsutor/Llama-3-8B-Instruct_dare_ties-density-0.3,8.03,0.9047155452786809,5.0,15.96894703975495,其他,2024.0
johnsutor/Llama-3-8B-Instruct_dare_ties-density-0.7,8.03,0.9047155452786809,5.0,16.77203043517005,其他,2024.0
johnsutor/Llama-3-8B-Instruct_dare_ties-density-0.9,8.03,0.9047155452786809,5.0,17.30976967313407,其他,2024.0
johnsutor/Llama-3-8B-Instruct_linear,8.03,0.9047155452786809,5.0,21.370872595590694,其他,2024.0
johnsutor/Llama-3-8B-Instruct_ties-density-0.1,8.03,0.9047155452786809,5.0,20.42851214060437,其他,2024.0
johnsutor/Llama-3-8B-Instruct_ties-density-0.3,8.03,0.9047155452786809,5.0,18.85496971399459,其他,2024.0
johnsutor/Llama-3-8B-Instruct_ties-density-0.5,8.03,0.9047155452786809,5.0,18.221595666098747,其他,2024.0
johnsutor/Llama-3-8B-Instruct_ties-density-0.7,8.03,0.9047155452786809,5.0,18.056542734095075,其他,2024.0
johnsutor/Llama-3-8B-Instruct_ties-density-0.9,8.03,0.9047155452786809,5.0,18.13585052124981,其他,2024.0
jpacifico/Chocolatine-14B-Instruct-4k-DPO,13.96,1.1448854182871424,5.0,30.316420737984476,chat/finetuned,2024.0
jpacifico/Chocolatine-14B-Instruct-DPO-v1.2,13.96,1.1448854182871424,5.0,33.79581095053082,chat/finetuned,2024.0
jpacifico/Chocolatine-14B-Instruct-DPO-v1.3,14.66,1.1661339703051092,6.0,42.42049137915473,chat/finetuned,2025.0
jpacifico/Chocolatine-2-14B-Instruct-v2.0,14.66,1.1661339703051092,6.0,33.39132529353342,chat/finetuned,2025.0
jpacifico/Chocolatine-2-14B-Instruct-v2.0.3,14.766,1.1692628640864462,6.0,41.32784968296863,chat/finetuned,2025.0
jpacifico/Chocolatine-2-14B-Instruct-v2.0b2,14.766,1.1692628640864462,6.0,41.24635883058548,chat/finetuned,2025.0
jpacifico/Chocolatine-2-14B-Instruct-v2.0b3,14.766,1.1692628640864462,6.0,41.4335223068507,chat/finetuned,2025.0
jpacifico/Chocolatine-3B-Instruct-DPO-Revised,3.821,0.5821770376884089,5.0,28.22663122048826,chat/finetuned,2024.0
jpacifico/Chocolatine-3B-Instruct-DPO-v1.0,3.821,0.5821770376884089,5.0,25.429590501932733,chat/finetuned,2024.0
jpacifico/Chocolatine-3B-Instruct-DPO-v1.2,3.821,0.5821770376884089,5.0,27.86191302191085,chat/finetuned,2024.0
jpacifico/Distilucie-7B-Math-Instruct-DPO-v0.1,6.707,0.8265283063406516,6.0,11.128777731316648,chat/finetuned,2025.0
jpacifico/Lucie-7B-Instruct-DPO-v1.1,6.707,0.8265283063406516,6.0,11.704829753358313,chat/finetuned,2025.0
jpacifico/Lucie-Boosted-7B-Instruct,6.707,0.8265283063406516,6.0,8.306616536792435,chat/finetuned,2025.0
jsfs11/MixtureofMerges-MoE-4x7b-v4,24.154,1.3829890619644598,5.0,20.022361213958774,其他,2024.0
jsfs11/MixtureofMerges-MoE-4x7b-v5,24.154,1.3829890619644598,5.0,20.434941072567536,其他,2024.0
kaist-ai/janus-7b,7.242,0.8598585204809929,5.0,17.616998787714394,chat/finetuned,2024.0
kaist-ai/janus-dpo-7b,7.242,0.8598585204809929,5.0,18.53164895276002,chat/finetuned,2024.0
kaist-ai/janus-rm-7b,7.111,0.8519306786402675,5.0,4.775598832496902,chat/finetuned,2024.0
kaist-ai/mistral-orpo-capybara-7k,7.242,0.8598585204809929,5.0,19.22089458033309,chat/finetuned,2024.0
kayfour/T3Q-Qwen2.5-7B-it-KOR-Safe,7.616,0.8817269353764179,6.0,32.418098677759176,chat/finetuned,2025.0
keeeeenw/MicroLlama,0.305,-0.5157001606532142,5.0,5.266088341806957,pretrained,2024.0
kevin009/llamaRAGdrama,7.242,0.8598585204809929,5.0,13.348717196012394,chat/finetuned,2024.0
kms7530/chemeng_llama-3-8b-Instruct-bnb-4bit_24_1_100_1,9.3,0.9684829485539351,5.0,17.99671713302148,chat/finetuned,2024.0
kms7530/chemeng_phi-3-mini-4k-instruct-bnb-4bit_16_4_100_1_nonmath,4.132,0.6161603128475829,5.0,22.110300080411186,chat/finetuned,2024.0
kms7530/chemeng_qwen-math-7b_24_1_100_1,8.911,0.9499264436679122,5.0,11.66485615226577,chat/finetuned,2024.0
kms7530/chemeng_qwen-math-7b_24_1_100_1_nonmath,15.231,1.1827284181242674,5.0,16.982090044361417,chat/finetuned,2024.0
kno10/ende-chat-0.0.5,7.891,0.8971320433820944,5.0,10.850085123772722,chat/finetuned,2024.0
kno10/ende-chat-0.0.7,7.891,0.8971320433820944,5.0,13.371913816595807,chat/finetuned,2024.0
kyutai/helium-1-preview-2b,2.173,0.33705972632052456,6.0,9.329143600411902,pretrained,2025.0
kz919/QwQ-0.5B-Distilled-SFT,0.494,-0.30627305107635305,6.0,9.089107211771186,chat/finetuned,2025.0
laislemke/LLaMA-2-vicuna-7b-slerp,6.738,0.8285310066451015,5.0,7.694402356108033,其他,2024.0
lalainy/ECE-PRYMMAL-0.5B-FT-V5-MUSR,0.494,-0.30627305107635305,5.0,7.057838460114436,chat/finetuned,2024.0
lalainy/ECE-PRYMMAL-0.5B-SLERP-V4,0.494,-0.30627305107635305,5.0,4.380943329539663,其他,2024.0
lalainy/ECE-PRYMMAL-YL-0.5B-SLERP-BIS-V1,0.494,-0.30627305107635305,5.0,3.610722269051976,其他,2024.0
lalainy/ECE-PRYMMAL-YL-1B-SLERP-V3,1.544,0.18864729599971736,5.0,16.44790148688646,其他,2024.0
lalainy/ECE-PRYMMAL-YL-1B-SLERP-V4,1.544,0.18864729599971736,5.0,16.43838512195718,其他,2024.0
lalainy/ECE-PRYMMAL-YL-6B-SLERP-V1,6.061,0.7825442840100101,5.0,20.037041744632443,其他,2024.0
lalainy/ECE-PRYMMAL-YL-6B-SLERP-V2,6.061,0.7825442840100101,5.0,20.01164616460848,其他,2024.0
lars1234/Mistral-Small-24B-Instruct-2501-writer,23.572,1.3723964324231115,6.0,39.85579031723165,chat/finetuned,2025.0
leafspark/Llama-3.1-8B-MultiReflection-Instruct,8.03,0.9047155452786809,5.0,26.87834660945809,chat/finetuned,2024.0
lemon07r/Gemma-2-Ataraxy-9B,10.159,1.006850960324272,5.0,23.711508058895607,chat/finetuned,2024.0
lemon07r/Gemma-2-Ataraxy-v4d-9B,10.159,1.006850960324272,5.0,34.242385930784,其他,2024.0
lemon07r/Llama-3-RedMagic4-8B,8.03,0.9047155452786809,5.0,19.430990497953943,chat/finetuned,2024.0
lemon07r/llama-3-NeuralMahou-8b,8.03,0.9047155452786809,5.0,19.846074213837827,chat/finetuned,2024.0
lesubra/ECE-EIFFEL-3B,3.821,0.5821770376884089,5.0,22.50442333553349,其他,2024.0
lesubra/ECE-EIFFEL-3Bv2,3.821,0.5821770376884089,5.0,23.141091471464545,其他,2024.0
lesubra/ECE-EIFFEL-3Bv3,3.821,0.5821770376884089,5.0,25.50122739306737,其他,2024.0
lesubra/ECE-PRYMMAL-3B-SLERP-V1,3.821,0.5821770376884089,5.0,23.135359696186224,其他,2024.0
lesubra/ECE-PRYMMAL-3B-SLERP-V2,3.821,0.5821770376884089,5.0,23.135359696186224,其他,2024.0
lesubra/ECE-PRYMMAL-3B-SLERP_2-V1,3.821,0.5821770376884089,5.0,24.961424176446453,其他,2024.0
lesubra/ECE-PRYMMAL-3B-SLERP_2-V2,3.821,0.5821770376884089,5.0,24.98681975647042,其他,2024.0
lesubra/merge-test,3.821,0.5821770376884089,5.0,26.07552092100233,chat/finetuned,2024.0
llmat/Mistral-v0.3-7B-ORPO,7.248,0.8602181846687567,5.0,12.399290010550857,chat/finetuned,2024.0
llmat/Mistral-v0.3-7B-ORPO,7.248,0.8602181846687567,5.0,12.024321589275658,chat/finetuned,2024.0
llnYou/ECE-PRYMMAL-YL-1B-SLERP-V5,1.544,0.18864729599971736,5.0,15.836336402400669,其他,2024.0
llnYou/ECE-PRYMMAL-YL-1B-SLERP-V6,1.357,0.13257984765973707,5.0,9.39527358365648,其他,2024.0
llnYou/ECE-PRYMMAL-YL-3B-SLERP-V1,2.81,0.4487063199050799,5.0,11.626794158168616,其他,2024.0
llnYou/ECE-PRYMMAL-YL-3B-SLERP-V2,2.81,0.4487063199050799,5.0,11.813468340726132,其他,2024.0
llnYou/ECE-PRYMMAL-YL-3B-SLERP-V3,3.821,0.5821770376884089,5.0,23.42685471667849,其他,2024.0
lmsys/vicuna-7b-v1.5,7.0,0.8450980400142568,5.0,10.885152314855338,chat/finetuned,2024.0
lordjia/Llama-3-Cantonese-8B-Instruct,8.03,0.9047155452786809,5.0,24.271708884717096,chat/finetuned,2024.0
lordjia/Qwen2-Cantonese-7B-Instruct,7.616,0.8817269353764179,5.0,26.309196155583507,chat/finetuned,2024.0
lunahr/thea-3b-50r-u1,3.213,0.5069107255515181,6.0,19.037090298507373,chat/finetuned,2025.0
lunahr/thea-v2-3b-50r,3.213,0.5069107255515181,5.0,12.953795195391686,chat/finetuned,2024.0
m42-health/Llama3-Med42-70B,70.554,1.8485216407506466,5.0,35.68301603364157,chat/finetuned,2024.0
macadeliccc/Samantha-Qwen-2-7B,7.616,0.8817269353764179,5.0,25.06508576450433,chat/finetuned,2024.0
macadeliccc/magistrate-3.2-3b-base,3.213,0.5069107255515181,5.0,6.046097363125316,pretrained,2024.0
macadeliccc/magistrate-3.2-3b-it,3.213,0.5069107255515181,5.0,7.088076253678785,chat/finetuned,2024.0
magnifi/Phi3_intent_v56_3_w_unknown_5_lr_0.002,3.821,0.5821770376884089,6.0,7.1244683931064765,chat/finetuned,2025.0
maldv/Awqward2.5-32B-Instruct,32.764,1.5153969172605857,5.0,46.74902268350894,其他,2024.0
maldv/Lytta2.5-32B-Instruct,32.764,1.5153969172605857,6.0,24.790451743833525,其他,2025.0
maldv/Qwentile2.5-32B-Instruct,32.764,1.5153969172605857,5.0,45.9002633632381,其他,2024.0
maldv/badger-kappa-llama-3-8b,8.03,0.9047155452786809,5.0,21.166688498001093,其他,2024.0
marcuscedricridia/Cheng-1,7.613,0.8815558297933116,6.0,36.05830324427348,其他,2025.0
mattshumer/Reflection-Llama-3.1-70B,70.554,1.8485216407506466,5.0,24.392555308681647,chat/finetuned,2024.0
mattshumer/ref_70_e3,70.554,1.8485216407506466,5.0,35.395599658838286,chat/finetuned,2024.0
maywell/Qwen2-7B-Multilingual-RP,7.616,0.8817269353764179,5.0,23.450878693391584,chat/finetuned,2024.0
meditsolutions/Llama-3.1-MedIT-SUN-8B,8.03,0.9047155452786809,5.0,30.19415971775715,chat/finetuned,2024.0
meditsolutions/Llama-3.2-SUN-1B-Instruct,1.498,0.17551181336344768,5.0,15.524297116936124,chat/finetuned,2024.0
meditsolutions/Llama-3.2-SUN-1B-chat,1.498,0.17551181336344768,5.0,13.641365564259702,chat/finetuned,2024.0
meditsolutions/Llama-3.2-SUN-2.4B-checkpoint-26000,2.209,0.34419571587143494,5.0,8.143484964590147,chat/finetuned,2024.0
meditsolutions/Llama-3.2-SUN-2.4B-checkpoint-34800,2.209,0.34419571587143494,5.0,8.193102548827737,chat/finetuned,2024.0
meditsolutions/Llama-3.2-SUN-2.4B-v1.0.0,2.472,0.3930484664167782,5.0,13.31712952335647,chat/finetuned,2024.0
meditsolutions/Llama-3.2-SUN-2.5B-chat,2.472,0.3930484664167782,5.0,13.98771014319157,chat/finetuned,2024.0
meditsolutions/Llama-3.2-SUN-HDIC-1B-Instruct,1.498,0.17551181336344768,5.0,15.901863518867478,chat/finetuned,2024.0
meditsolutions/MSH-Lite-7B-v1-Bielik-v2.3-Instruct-Llama-Prune,7.646,0.8834342936830093,5.0,14.528174671948811,chat/finetuned,2024.0
meditsolutions/MSH-v1-Bielik-v2.3-Instruct-MedIT-merge,11.169,1.0480142909380548,5.0,28.55070593519018,chat/finetuned,2024.0
meditsolutions/MedIT-Mesh-3B-Instruct,3.821,0.5821770376884089,5.0,28.318227712460025,chat/finetuned,2024.0
meditsolutions/SmolLM2-MedIT-Upscale-2B,2.114,0.32510498297140744,5.0,15.922534280948163,chat/finetuned,2024.0
meetkai/functionary-small-v3.1,8.03,0.9047155452786809,5.0,24.08333552224185,chat/finetuned,2024.0
meraGPT/mera-mix-4x7B,24.154,1.3829890619644598,5.0,17.854958732939675,其他,2024.0
meta-llama/Llama-2-13b-chat-hf,13.016,1.1144775399288023,5.0,11.12963532656997,chat/finetuned,2024.0
meta-llama/Llama-2-13b-hf,13.016,1.1144775399288023,5.0,11.065185981273997,pretrained,2024.0
meta-llama/Llama-2-70b-chat-hf,68.977,1.83870430177712,5.0,13.073695775827504,chat/finetuned,2024.0
meta-llama/Llama-2-70b-hf,68.977,1.83870430177712,5.0,18.372598605703004,pretrained,2024.0
meta-llama/Llama-2-7b-chat-hf,6.738,0.8285310066451015,5.0,9.609483264152257,pretrained,2024.0
meta-llama/Llama-2-7b-hf,6.738,0.8285310066451015,5.0,8.806357596540016,pretrained,2024.0
meta-llama/Llama-3.1-70B,70.554,1.8485216407506466,5.0,26.200215843375947,pretrained,2024.0
meta-llama/Llama-3.1-70B-Instruct,70.554,1.8485216407506466,5.0,43.409948245645786,chat/finetuned,2024.0
meta-llama/Llama-3.1-8B,8.03,0.9047155452786809,5.0,14.42086519266696,chat/finetuned,2024.0
meta-llama/Llama-3.1-8B-Instruct,8.03,0.9047155452786809,6.0,23.763729445470883,pretrained,2025.0
meta-llama/Llama-3.2-1B,1.24,0.09342168516223506,5.0,4.195140014045501,pretrained,2024.0
meta-llama/Llama-3.2-1B-Instruct,1.24,0.09342168516223506,5.0,14.443126333711136,chat/finetuned,2024.0
meta-llama/Llama-3.2-3B,3.213,0.5069107255515181,5.0,8.697822716562822,pretrained,2024.0
meta-llama/Llama-3.2-3B-Instruct,3.213,0.5069107255515181,5.0,24.204650807793456,chat/finetuned,2024.0
meta-llama/Llama-3.3-70B-Instruct,70.554,1.8485216407506466,5.0,44.84747145129876,chat/finetuned,2024.0
meta-llama/Meta-Llama-3-70B,70.554,1.8485216407506466,5.0,26.705350171613343,pretrained,2024.0
meta-llama/Meta-Llama-3-70B-Instruct,70.554,1.8485216407506466,5.0,36.37222412927012,chat/finetuned,2024.0
meta-llama/Meta-Llama-3-8B,8.03,0.9047155452786809,5.0,13.626857071686077,pretrained,2024.0
meta-llama/Meta-Llama-3-8B-Instruct,8.03,0.9047155452786809,5.0,23.90873569393684,chat/finetuned,2024.0
meta-llama/Meta-Llama-3-8B-Instruct,8.03,0.9047155452786809,5.0,20.609159446025878,chat/finetuned,2024.0
mhl1/Qwen2.5-0.5B-cinstruct-stage1,0.63,-0.2006594505464183,6.0,4.551664639073516,chat/finetuned,2025.0
microsoft/DialoGPT-medium,0.345,-0.4621809049267259,5.0,5.251433606790305,chat/finetuned,2024.0
microsoft/Phi-3-medium-128k-instruct,13.96,1.1448854182871424,5.0,32.026356176108685,chat/finetuned,2024.0
microsoft/Phi-3-medium-4k-instruct,13.96,1.1448854182871424,5.0,33.09765943937642,chat/finetuned,2024.0
microsoft/Phi-3-mini-128k-instruct,3.821,0.5821770376884089,5.0,26.34380993186564,chat/finetuned,2024.0
microsoft/Phi-3-mini-4k-instruct,3.821,0.5821770376884089,5.0,25.967732638041607,chat/finetuned,2024.0
microsoft/Phi-3-mini-4k-instruct,3.821,0.5821770376884089,5.0,27.56217404359228,chat/finetuned,2024.0
microsoft/Phi-3-small-128k-instruct,7.392,0.8687619582120503,5.0,31.96780316372565,chat/finetuned,2024.0
microsoft/Phi-3-small-8k-instruct,7.392,0.8687619582120503,5.0,32.34201367038736,chat/finetuned,2024.0
microsoft/Phi-3.5-MoE-instruct,42.0,1.6232492903979006,5.0,36.8789647220093,chat/finetuned,2024.0
microsoft/Phi-3.5-mini-instruct,3.821,0.5821770376884089,5.0,28.184391192864627,chat/finetuned,2024.0
microsoft/Phi-4-mini-instruct,3.836,0.583878598498626,6.0,29.412433568419846,chat/finetuned,2025.0
microsoft/phi-1,1.418,0.1516762308470477,5.0,5.574318195377169,pretrained,2024.0
microsoft/phi-1_5,1.418,0.1516762308470477,5.0,7.170966845799231,pretrained,2024.0
microsoft/phi-2,2.78,0.4440447959180762,5.0,15.5342915582149,pretrained,2024.0
microsoft/phi-4,14.66,1.1661339703051092,6.0,29.48341679122318,pretrained,2025.0
microsoft/phi-4,14.66,1.1661339703051092,6.0,30.35812781134617,chat/finetuned,2025.0
migtissera/Llama-3-70B-Synthia-v3.5,70.554,1.8485216407506466,5.0,35.56935395079021,chat/finetuned,2024.0
migtissera/Llama-3-8B-Synthia-v3.5,8.03,0.9047155452786809,5.0,19.94844014518933,chat/finetuned,2024.0
migtissera/Tess-3-7B-SFT,7.248,0.8602181846687567,5.0,17.20945620208202,chat/finetuned,2024.0
migtissera/Tess-3-Mistral-Nemo-12B,12.248,1.0880651776902046,5.0,16.720173026027776,chat/finetuned,2024.0
migtissera/Tess-v2.5-Phi-3-medium-128k-14B,13.96,1.1448854182871424,5.0,24.14120139478955,chat/finetuned,2024.0
ministral/Ministral-3b-instruct,3.316,0.5206145218782359,5.0,3.520082773406306,chat/finetuned,2024.0
mistral-community/Mistral-7B-v0.2,7.242,0.8598585204809929,5.0,14.215362442692104,pretrained,2024.0
mistral-community/mixtral-8x22B-v0.3,140.63,2.148077976762506,5.0,25.80199472534573,pretrained,2024.0
mistralai/Mistral-7B-Instruct-v0.1,7.242,0.8598585204809929,5.0,12.771229395030618,chat/finetuned,2024.0
mistralai/Mistral-7B-Instruct-v0.2,7.242,0.8598585204809929,5.0,18.50789159273764,chat/finetuned,2024.0
mistralai/Mistral-7B-Instruct-v0.3,7.248,0.8602181846687567,5.0,19.225098776905867,chat/finetuned,2024.0
mistralai/Mistral-7B-v0.1,7.242,0.8598585204809929,5.0,14.575358924083137,pretrained,2024.0
mistralai/Mistral-7B-v0.3,7.248,0.8602181846687567,5.0,14.229760590840252,pretrained,2024.0
mistralai/Mistral-Nemo-Base-2407,11.58,1.0637085593914173,5.0,15.239356042755924,pretrained,2024.0
mistralai/Mistral-Nemo-Instruct-2407,12.248,1.0880651776902046,5.0,24.66559994130468,chat/finetuned,2024.0
mistralai/Mistral-Small-24B-Base-2501,23.572,1.3723964324231115,6.0,27.195130187978368,pretrained,2025.0
mistralai/Mixtral-8x22B-Instruct-v0.1,140.621,2.1480501820144804,5.0,33.88568028808198,chat/finetuned,2024.0
mistralai/Mixtral-8x22B-v0.1,140.621,2.1480501820144804,5.0,25.74093627522265,pretrained,2024.0
mistralai/Mixtral-8x7B-Instruct-v0.1,46.703,1.669344778673157,5.0,23.8171027058463,chat/finetuned,2024.0
mistralai/Mixtral-8x7B-v0.1,46.703,1.669344778673157,5.0,19.56528101279984,pretrained,2024.0
mistralai/Mixtral-8x7B-v0.1,46.703,1.669344778673157,5.0,19.665108918316083,chat/finetuned,2024.0
mixtao/MixTAO-7Bx2-MoE-v8.1,12.879,1.1098821431991013,5.0,21.07792698379691,chat/finetuned,2024.0
mkurman/llama-3.2-MEDIT-3B-o1,3.607,0.5571461423183631,6.0,17.028893537984814,chat/finetuned,2025.0
mkurman/phi4-MedIT-10B-o1,10.255,1.0109356647043852,6.0,18.92073804361014,chat/finetuned,2025.0
mlabonne/BigQwen2.5-52B-Instruct,52.268,1.7182358824283115,5.0,43.55000484859215,其他,2024.0
mlabonne/BigQwen2.5-Echo-47B-Instruct,47.392,1.6757050368411144,5.0,37.03189501778666,其他,2024.0
mlabonne/Meta-Llama-3.1-8B-Instruct-abliterated,8.03,0.9047155452786809,5.0,23.202552271437717,chat/finetuned,2024.0
mlabonne/NeuralDaredevil-8B-abliterated,8.03,0.9047155452786809,5.0,27.186740676442746,其他,2024.0
mlabonne/NeuralDaredevil-8B-abliterated,8.03,0.9047155452786809,5.0,21.499914415098534,chat/finetuned,2024.0
mlabonne/phixtral-2x2_8,4.458,0.649140064144219,5.0,15.553113591688318,其他,2024.0
mlx-community/Josiefied-Qwen2.5-0.5B-Instruct-abliterated-v1-float32,0.494,-0.30627305107635305,6.0,9.708088086359409,chat/finetuned,2025.0
mlx-community/Mistral-Small-24B-Instruct-2501-bf16,23.572,1.3723964324231115,6.0,38.66942426997438,chat/finetuned,2025.0
mmnga/Llama-3-70B-japanese-suzume-vector-v0.1,70.554,1.8485216407506466,5.0,30.38004447303165,chat/finetuned,2024.0
mobiuslabsgmbh/DeepSeek-R1-ReDistill-Llama3-8B-v1.1,8.03,0.9047155452786809,6.0,15.806892418961333,chat/finetuned,2025.0
mobiuslabsgmbh/DeepSeek-R1-ReDistill-Qwen-7B-v1.1,7.616,0.8817269353764179,6.0,17.737904923149653,chat/finetuned,2025.0
moeru-ai/L3.1-Moe-2x8B-v0.2,13.668,1.1357049701267252,5.0,28.87809430190244,其他,2024.0
moeru-ai/L3.1-Moe-4x8B-v0.1,24.942,1.3969312748898584,5.0,19.441557290549515,其他,2024.0
moeru-ai/L3.1-Moe-4x8B-v0.2,24.942,1.3969312748898584,5.0,18.31051307041189,其他,2024.0
monsterapi/Llama-3_1-8B-Instruct-orca-ORPO,16.061,1.2057725820984198,5.0,4.832138103419669,chat/finetuned,2024.0
monsterapi/gemma-2-2b-LoRA-MonsterInstruct,2.614,0.4173055832445255,5.0,12.519872991689503,chat/finetuned,2024.0
mosaicml/mpt-7b,7.0,0.8450980400142568,5.0,6.032029339143736,pretrained,2024.0
mosama/Qwen2.5-1.5B-Instruct-CoT-Reflection,1.544,0.18864729599971736,5.0,11.862792186560862,chat/finetuned,2024.0
mrdayl/OpenCognito,3.086,0.4893959217271294,6.0,22.28566396506271,chat/finetuned,2025.0
mrdayl/OpenCognito-r1,3.086,0.4893959217271294,6.0,22.15261487014885,chat/finetuned,2025.0
mrdayl/OpenCognito-r2,3.086,0.4893959217271294,6.0,21.967469611464537,chat/finetuned,2025.0
mrdayl/OpenThink,1.777,0.2496874278053015,6.0,12.3979226641244,chat/finetuned,2025.0
mrm8488/phi-4-14B-grpo-gsm8k-3e,14.66,1.1661339703051092,6.0,39.20729001022834,chat/finetuned,2025.0
mrm8488/phi-4-14B-grpo-limo,14.66,1.1661339703051092,6.0,39.0640880591307,chat/finetuned,2025.0
natong19/Mistral-Nemo-Instruct-2407-abliterated,12.248,1.0880651776902046,5.0,25.01762542054813,chat/finetuned,2024.0
natong19/Qwen2-7B-Instruct-abliterated,7.616,0.8817269353764179,5.0,28.51534160052497,chat/finetuned,2024.0
nazimali/Mistral-Nemo-Kurdish,12.248,1.0880651776902046,5.0,19.48223781673813,pretrained,2024.0
nazimali/Mistral-Nemo-Kurdish-Instruct,12.248,1.0880651776902046,5.0,18.555957634452803,chat/finetuned,2024.0
nazimali/Mistral-Nemo-Kurdish-Instruct,12.248,1.0880651776902046,5.0,19.94862211656385,chat/finetuned,2024.0
nbeerbower/BigKartoffel-mistral-nemo-20B,20.427,1.3102045888980054,6.0,23.763763321614324,其他,2025.0
nbeerbower/DoppelKartoffel-Mistral-Nemo-23B,23.153,1.3646072717700803,6.0,19.833865427806835,chat/finetuned,2025.0
nbeerbower/Dumpling-Qwen2.5-1.5B,1.544,0.18864729599971736,6.0,15.625094396198312,chat/finetuned,2025.0
nbeerbower/Dumpling-Qwen2.5-14B,14.77,1.1693804953119495,6.0,34.79872132286164,chat/finetuned,2025.0
nbeerbower/Dumpling-Qwen2.5-7B-1k-r16,7.616,0.8817269353764179,6.0,25.2956618399845,chat/finetuned,2025.0
nbeerbower/Dumpling-Qwen2.5-7B-1k-r64-2e-5,7.616,0.8817269353764179,6.0,25.052668360308672,chat/finetuned,2025.0
nbeerbower/EVA-abliterated-TIES-Qwen2.5-1.5B,1.777,0.2496874278053015,6.0,15.375831467238893,其他,2025.0
nbeerbower/EVA-abliterated-TIES-Qwen2.5-14B,14.77,1.1693804953119495,6.0,42.16442636538604,其他,2025.0
nbeerbower/Flammades-Mistral-Nemo-12B,12.248,1.0880651776902046,5.0,22.56672421581219,chat/finetuned,2024.0
nbeerbower/Gemma2-Gutenberg-Doppel-9B,9.242,0.9657659641826862,5.0,32.54244427540016,chat/finetuned,2024.0
nbeerbower/Hermes2-Gutenberg2-Mistral-7B,7.242,0.8598585204809929,5.0,19.363860758860653,chat/finetuned,2024.0
nbeerbower/Kartoffel-Deepfry-12B,12.248,1.0880651776902046,6.0,24.14748758265313,chat/finetuned,2025.0
nbeerbower/Llama-3.1-Nemotron-lorablated-70B,70.554,1.8485216407506466,5.0,40.87645031021374,chat/finetuned,2024.0
nbeerbower/Llama3.1-Gutenberg-Doppel-70B,70.554,1.8485216407506466,5.0,36.9233900222014,chat/finetuned,2024.0
nbeerbower/Mahou-1.5-mistral-nemo-12B-lorablated,12.248,1.0880651776902046,5.0,27.050923083044733,其他,2024.0
nbeerbower/Mistral-Gutenberg-Doppel-7B-FFT,7.242,0.8598585204809929,5.0,18.33827572865676,chat/finetuned,2024.0
nbeerbower/Mistral-Nemo-Gutenberg-Doppel-12B,12.248,1.0880651776902046,5.0,21.53798697951247,chat/finetuned,2024.0
nbeerbower/Mistral-Nemo-Gutenberg-Doppel-12B-v2,12.248,1.0880651776902046,5.0,25.90126357738714,chat/finetuned,2024.0
nbeerbower/Mistral-Nemo-Moderne-12B-FFT-experimental,12.248,1.0880651776902046,5.0,18.119465502148437,chat/finetuned,2024.0
nbeerbower/Mistral-Nemo-Prism-12B,12.248,1.0880651776902046,5.0,27.924007108863105,chat/finetuned,2024.0
nbeerbower/Mistral-Nemo-Prism-12B-v2,12.248,1.0880651776902046,5.0,28.07046513725069,chat/finetuned,2024.0
nbeerbower/Mistral-Nemo-Prism-12B-v7,12.248,1.0880651776902046,5.0,28.03478834595649,chat/finetuned,2024.0
nbeerbower/Qwen2.5-Gutenberg-Doppel-14B,14.77,1.1693804953119495,5.0,41.327794892427,chat/finetuned,2024.0
nbeerbower/SmolNemo-12B-FFT-experimental,12.248,1.0880651776902046,5.0,8.496288137169051,chat/finetuned,2024.0
nbeerbower/gemma2-gutenberg-27B,27.227,1.4349997913501735,5.0,10.4236638747709,chat/finetuned,2024.0
nbeerbower/gemma2-gutenberg-9B,9.242,0.9657659641826862,5.0,23.719246452807734,chat/finetuned,2024.0
nbeerbower/llama3.1-cc-8B,8.03,0.9047155452786809,5.0,20.256041660753876,chat/finetuned,2024.0
nbeerbower/llama3.1-kartoffeldes-70B,70.554,1.8485216407506466,6.0,41.11056038125863,chat/finetuned,2025.0
nbeerbower/mistral-nemo-bophades-12B,12.248,1.0880651776902046,5.0,25.72860228091272,其他,2024.0
nbeerbower/mistral-nemo-bophades3-12B,12.248,1.0880651776902046,6.0,27.16558651541493,chat/finetuned,2025.0
nbeerbower/mistral-nemo-cc-12B,12.248,1.0880651776902046,5.0,17.20341027317436,chat/finetuned,2024.0
nbeerbower/mistral-nemo-gutades-12B,12.248,1.0880651776902046,5.0,21.075924659452493,chat/finetuned,2024.0
nbeerbower/mistral-nemo-gutenberg-12B,12.248,1.0880651776902046,5.0,21.02415496481448,chat/finetuned,2024.0
nbeerbower/mistral-nemo-gutenberg-12B-v2,12.248,1.0880651776902046,5.0,25.514319837220015,chat/finetuned,2024.0
nbeerbower/mistral-nemo-gutenberg-12B-v3,12.248,1.0880651776902046,5.0,19.290512133580638,chat/finetuned,2024.0
nbeerbower/mistral-nemo-gutenberg-12B-v4,12.248,1.0880651776902046,5.0,19.83898144810974,chat/finetuned,2024.0
nbeerbower/mistral-nemo-gutenberg2-12B-test,12.248,1.0880651776902046,5.0,20.97057995062581,chat/finetuned,2024.0
nbeerbower/mistral-nemo-kartoffel-12B,12.248,1.0880651776902046,6.0,28.21995794267338,chat/finetuned,2025.0
nbeerbower/mistral-nemo-narwhal-12B,12.248,1.0880651776902046,6.0,21.240878416352583,chat/finetuned,2025.0
nbeerbower/mistral-nemo-wissenschaft-12B,12.248,1.0880651776902046,5.0,25.50992586494861,chat/finetuned,2024.0
necva/IE-cont-Llama3.1-8B,8.03,0.9047155452786809,6.0,5.093186530380667,chat/finetuned,2025.0
neopolita/jessi-v0.1-qwen2.5-7b-instruct,7.616,0.8817269353764179,6.0,32.77563297433888,其他,2025.0
neopolita/jessi-v0.1-virtuoso-small,14.77,1.1693804953119495,6.0,38.86960435987991,其他,2025.0
neopolita/loki-v0.1-virtuoso,14.77,1.1693804953119495,6.0,39.19696212178447,其他,2025.0
netcat420/Llama3.1-MFANN-8b,8.03,0.9047155452786809,5.0,13.117063178518029,chat/finetuned,2024.0
netcat420/MFANN-Llama3.1-Abliterated-SLERP-TIES-V2,8.03,0.9047155452786809,5.0,19.213728182261345,其他,2024.0
netcat420/MFANN-Llama3.1-Abliterated-SLERP-V4,8.03,0.9047155452786809,5.0,19.39947102160331,其他,2024.0
netcat420/MFANN-llama3.1-abliterated-SLERP-v3,8.03,0.9047155452786809,5.0,18.042261525952014,chat/finetuned,2024.0
netcat420/MFANN-llama3.1-abliterated-SLERP-v3.1,8.03,0.9047155452786809,5.0,18.96623306213071,其他,2024.0
netcat420/MFANN3b,2.78,0.4440447959180762,5.0,12.652447668077093,chat/finetuned,2024.0
netcat420/MFANN3bv0.15,2.78,0.4440447959180762,5.0,11.92455505796081,chat/finetuned,2024.0
netcat420/MFANN3bv0.18,2.78,0.4440447959180762,5.0,12.649876255790772,chat/finetuned,2024.0
netcat420/MFANN3bv0.20,2.78,0.4440447959180762,5.0,12.5720051522728,chat/finetuned,2024.0
netcat420/MFANN3bv0.21,2.78,0.4440447959180762,5.0,12.00855289802916,chat/finetuned,2024.0
netcat420/MFANN3bv0.22,2.78,0.4440447959180762,5.0,12.2565063872572,chat/finetuned,2024.0
netcat420/MFANN3bv0.24,2.78,0.4440447959180762,5.0,11.81028360635554,chat/finetuned,2024.0
netcat420/MFANN3bv1.2,2.775,0.443262987458695,6.0,8.060474667336623,chat/finetuned,2025.0
netcat420/MFANN3bv1.4,2.78,0.4440447959180762,6.0,16.497599656783464,chat/finetuned,2025.0
netcat420/MFANNv0.19,8.03,0.9047155452786809,5.0,14.38906583250676,chat/finetuned,2024.0
netcat420/MFANNv0.20,8.03,0.9047155452786809,5.0,16.46165681188948,chat/finetuned,2024.0
netcat420/MFANNv0.21,8.03,0.9047155452786809,5.0,15.886167017885262,chat/finetuned,2024.0
netcat420/MFANNv0.22.1,8.03,0.9047155452786809,5.0,15.66737725944644,chat/finetuned,2024.0
netcat420/MFANNv0.23,8.03,0.9047155452786809,5.0,16.652655864272365,chat/finetuned,2024.0
netcat420/MFANNv0.24,8.03,0.9047155452786809,5.0,16.398373723349362,chat/finetuned,2024.0
netcat420/MFANNv0.25,8.03,0.9047155452786809,5.0,16.59696503760558,其他,2024.0
netcat420/Qwen2.5-7B-nerd-uncensored-v0.9-MFANN,7.616,0.8817269353764179,6.0,28.031122057978823,chat/finetuned,2025.0
netcat420/Qwen2.5-7b-MFANN-slerp,7.616,0.8817269353764179,6.0,27.70922289818492,其他,2025.0
netcat420/Qwen2.5-Coder-Scholar-7B-Abliterated-MFANN,7.616,0.8817269353764179,6.0,25.39674192004996,chat/finetuned,2025.0
netcat420/qwen2.5-MFANN-7b-SLERP-V1.2,7.616,0.8817269353764179,6.0,28.515188837080995,其他,2025.0
netease-youdao/Confucius-o1-14B,14.77,1.1693804953119495,6.0,38.52750121655241,chat/finetuned,2025.0
newsbang/Homer-7B-v0.1,7.616,0.8817269353764179,5.0,33.058437903590075,chat/finetuned,2024.0
newsbang/Homer-v1.0-Qwen2.5-72B,72.706,1.8615702521158346,5.0,47.464376408361055,chat/finetuned,2024.0
newsbang/Homer-v1.0-Qwen2.5-7B,7.616,0.8817269353764179,5.0,32.62357604568507,chat/finetuned,2024.0
nguyentd/FinancialAdvice-Qwen2.5-7B,7.616,0.8817269353764179,5.0,21.287932324484498,chat/finetuned,2024.0
nhyha/N3N_Delirium-v1_1030_0227,10.159,1.006850960324272,5.0,33.094478522688185,chat/finetuned,2024.0
nhyha/N3N_Llama-3.1-8B-Instruct_1028_0216,8.03,0.9047155452786809,5.0,23.47935177286844,chat/finetuned,2024.0
nhyha/N3N_gemma-2-9b-it_20241029_1532,10.159,1.006850960324272,5.0,32.14813042759547,chat/finetuned,2024.0
nhyha/N3N_gemma-2-9b-it_20241110_2026,10.159,1.006850960324272,5.0,29.119584296103525,chat/finetuned,2024.0
nhyha/merge_Qwen2.5-7B-Instruct_20241023_0314,7.616,0.8817269353764179,5.0,31.4495497347518,chat/finetuned,2024.0
nidum/Nidum-Limitless-Gemma-2B,2.506,0.39898106665813116,5.0,6.166007951282463,chat/finetuned,2024.0
nisten/franqwenstein-35b,34.714,1.5405046591291653,5.0,36.57133162829882,其他,2024.0
nisten/franqwenstein-35b,34.714,1.5405046591291653,5.0,34.451116831224226,chat/finetuned,2024.0
nisten/tqwendo-36b,35.69,1.5525465479556604,5.0,37.04172043230399,chat/finetuned,2024.0
nlpguy/StarFusion-alpha1,7.242,0.8598585204809929,5.0,20.8283235530266,其他,2024.0
nothingiisreal/L3.1-8B-Celeste-V1.5,8.03,0.9047155452786809,5.0,26.172145831649967,chat/finetuned,2024.0
nothingiisreal/MN-12B-Starcannon-v2,12.248,1.0880651776902046,5.0,18.181449904707133,其他,2024.0
nvidia/Llama-3.1-Nemotron-70B-Instruct-HF,70.554,1.8485216407506466,5.0,36.90717314950126,chat/finetuned,2024.0
nvidia/OpenMath2-Llama3.1-8B,8.03,0.9047155452786809,5.0,12.751664730325508,chat/finetuned,2024.0
occiglot/occiglot-7b-es-en-instruct,7.242,0.8598585204809929,5.0,12.457903975085708,chat/finetuned,2024.0
olabs-ai/reflection_model,9.3,0.9684829485539351,5.0,14.079165535571102,chat/finetuned,2024.0
ontocord/Llama_3.2_1b-autoredteam_helpfulness-train,1.498,0.17551181336344768,6.0,6.603005260709961,chat/finetuned,2025.0
ontocord/RedPajama-3B-v1-AutoRedteam-Harmless-only,2.776,0.44341946178281727,6.0,3.9505437890141017,chat/finetuned,2025.0
ontocord/RedPajama3b_v1-autoredteam_helpfulness-train,2.776,0.44341946178281727,6.0,6.038454723335806,chat/finetuned,2025.0
ontocord/wide_3b_sft_stage1.2-ss1-expert_how-to,3.759,0.5750723257138124,6.0,4.2152701749908585,pretrained,2025.0
oobabooga/CodeBooga-34B-v0.1,33.744,1.5281965623954112,5.0,15.66170616238157,其他,2024.0
oopere/Llama-FinSent-S,0.914,-0.039053804266168564,6.0,5.811805794594786,chat/finetuned,2025.0
oopere/Llama-FinSent-S,0.914,-0.039053804266168564,6.0,5.86640376735036,chat/finetuned,2025.0
oopere/pruned10-llama-3.2-3B,3.001,0.4772659954248526,5.0,6.919943456537481,pretrained,2024.0
oopere/pruned20-llama-1b,1.075,0.03140846425162412,5.0,4.989519628599489,其他,2024.0
oopere/pruned20-llama-3.2-3b,2.79,0.44560420327359757,5.0,5.656559779770029,pretrained,2024.0
oopere/pruned40-llama-1b,0.914,-0.039053804266168564,5.0,6.608357202270273,pretrained,2024.0
oopere/pruned40-llama-3.2-1B,0.914,-0.039053804266168564,6.0,6.877693765654211,pretrained,2025.0
oopere/pruned40-llama-3.2-3b,2.367,0.37419825792908273,5.0,5.371284651830273,pretrained,2024.0
oopere/pruned60-llama-1b,0.753,-0.12320502379929942,5.0,5.46756672622325,pretrained,2024.0
oopere/pruned60-llama-3.2-3b,1.944,0.28869626059025577,5.0,5.128680683633621,pretrained,2024.0
open-atlas/Atlas-Flash-1.5B-Preview,1.777,0.2496874278053015,6.0,11.111374803615629,chat/finetuned,2025.0
open-atlas/Atlas-Flash-7B-Preview,7.616,0.8817269353764179,6.0,17.496191215913385,chat/finetuned,2025.0
open-neo/Kyro-n1-7B,7.616,0.8817269353764179,6.0,28.918698187681176,chat/finetuned,2025.0
open-thoughts/OpenThinker-7B,7.616,0.8817269353764179,6.0,26.578519435108664,chat/finetuned,2025.0
openai-community/gpt2,0.137,-0.8632794328435932,5.0,6.510807087761722,pretrained,2024.0
openai-community/gpt2,0.137,-0.8632794328435932,5.0,6.33423541829189,pretrained,2024.0
openai-community/gpt2-large,0.812,-0.09044397075882467,5.0,5.567707192929642,pretrained,2024.0
openai-community/gpt2-medium,0.38,-0.42021640338318983,5.0,5.902340287154445,pretrained,2024.0
openai-community/gpt2-xl,1.608,0.20628604441243248,5.0,5.093480678758688,pretrained,2024.0
openbmb/MiniCPM-S-1B-sft-llama-format,1.0,0.0,5.0,8.996065699730169,chat/finetuned,2024.0
openchat/openchat-3.5-0106,7.242,0.8598585204809929,5.0,22.70925524673515,chat/finetuned,2024.0
openchat/openchat-3.5-1210,7.242,0.8598585204809929,5.0,22.727849608659103,chat/finetuned,2024.0
openchat/openchat-3.6-8b-20240522,8.03,0.9047155452786809,5.0,23.10731592675394,chat/finetuned,2024.0
openchat/openchat_3.5,7.0,0.8450980400142568,5.0,21.635827111564595,chat/finetuned,2024.0
openchat/openchat_v3.2,13.0,1.1139433523068367,5.0,13.833145550526876,chat/finetuned,2024.0
openchat/openchat_v3.2_super,13.0,1.1139433523068367,5.0,12.92357500340055,chat/finetuned,2024.0
oxyapi/oxy-1-small,14.77,1.1693804953119495,5.0,36.10082946641055,chat/finetuned,2024.0
ozone-ai/0x-lite,14.77,1.1693804953119495,6.0,40.48460307410717,chat/finetuned,2025.0
paloalma/ECE-TW3-JRGL-V1,68.977,1.83870430177712,5.0,30.236001116528566,其他,2024.0
paloalma/ECE-TW3-JRGL-V2,72.288,1.859066209240269,5.0,25.79271499886927,其他,2024.0
paloalma/ECE-TW3-JRGL-V5,72.289,1.859072217035173,5.0,29.49204681730805,其他,2024.0
paloalma/Le_Triomphant-ECE-TW3,72.289,1.859072217035173,5.0,31.99629419421313,其他,2024.0
paloalma/TW3-JRGL-v2,72.289,1.859072217035173,5.0,32.46253888329018,其他,2024.0
pankajmathur/Al_Dente_v1_8b,8.03,0.9047155452786809,5.0,17.300059065636294,chat/finetuned,2024.0
pankajmathur/model_007_13b_v2,13.0,1.1139433523068367,5.0,16.00740369607647,chat/finetuned,2024.0
pankajmathur/orca_mini_phi-4,14.66,1.1661339703051092,6.0,40.67628242552744,chat/finetuned,2025.0
pankajmathur/orca_mini_v5_8b,8.03,0.9047155452786809,5.0,20.498300732442388,chat/finetuned,2024.0
pankajmathur/orca_mini_v5_8b_dpo,8.0,0.9030899869919435,5.0,20.33420699350285,chat/finetuned,2024.0
pankajmathur/orca_mini_v5_8b_orpo,8.0,0.9030899869919435,5.0,12.99373010020274,chat/finetuned,2024.0
pankajmathur/orca_mini_v6_8b,8.03,0.9047155452786809,5.0,1.476338760647978,chat/finetuned,2024.0
pankajmathur/orca_mini_v6_8b_dpo,8.0,0.9030899869919435,5.0,20.39249236211252,chat/finetuned,2024.0
pankajmathur/orca_mini_v7_72b,72.706,1.8615702521158346,6.0,36.215290911205,chat/finetuned,2025.0
pankajmathur/orca_mini_v7_7b,7.616,0.8817269353764179,5.0,23.986504270832167,chat/finetuned,2024.0
pankajmathur/orca_mini_v8_1_70b,70.554,1.8485216407506466,5.0,43.191232219399744,chat/finetuned,2024.0
pankajmathur/orca_mini_v9_0_3B-Instruct,3.213,0.5069107255515181,5.0,20.660838216117185,chat/finetuned,2024.0
pankajmathur/orca_mini_v9_1_1B-Instruct,1.236,0.09201847075279702,5.0,9.063245765360724,chat/finetuned,2024.0
pankajmathur/orca_mini_v9_2_14B,14.66,1.1661339703051092,6.0,40.67628242552744,chat/finetuned,2025.0
pankajmathur/orca_mini_v9_2_70b,70.554,1.8485216407506466,6.0,40.72477703174064,chat/finetuned,2025.0
pankajmathur/orca_mini_v9_4_70B,70.554,1.8485216407506466,6.0,39.32550746750958,chat/finetuned,2025.0
pankajmathur/orca_mini_v9_5_1B-Instruct,1.236,0.09201847075279702,6.0,10.693501511833992,chat/finetuned,2025.0
pankajmathur/orca_mini_v9_5_1B-Instruct_preview,1.236,0.09201847075279702,5.0,9.541822835013244,chat/finetuned,2024.0
pankajmathur/orca_mini_v9_5_3B-Instruct,3.213,0.5069107255515181,6.0,24.152680776912927,chat/finetuned,2025.0
pankajmathur/orca_mini_v9_6_1B-Instruct,1.236,0.09201847075279702,6.0,15.323670701472976,chat/finetuned,2025.0
pankajmathur/orca_mini_v9_6_3B-Instruct,3.213,0.5069107255515181,6.0,24.08682629932844,chat/finetuned,2025.0
pankajmathur/orca_mini_v9_7_1B-Instruct,1.236,0.09201847075279702,6.0,12.485692413724529,chat/finetuned,2025.0
pankajmathur/orca_mini_v9_7_3B-Instruct,3.213,0.5069107255515181,6.0,13.034702793317214,chat/finetuned,2025.0
pints-ai/1.5-Pints-16K-v0.1,1.566,0.1947917577219246,5.0,4.250927888464816,pretrained,2024.0
pints-ai/1.5-Pints-2K-v0.1,1.566,0.1947917577219246,5.0,4.044439684591542,pretrained,2024.0
piotr25691/thea-3b-25r,3.213,0.5069107255515181,5.0,23.996071012635184,chat/finetuned,2024.0
piotr25691/thea-c-3b-25r,3.213,0.5069107255515181,5.0,23.25479609330286,chat/finetuned,2024.0
piotr25691/thea-rp-3b-25r,3.213,0.5069107255515181,5.0,21.845382189211342,chat/finetuned,2024.0
postbot/gpt2-medium-emailgen,0.38,-0.42021640338318983,5.0,4.743048119298616,pretrained,2024.0
princeton-nlp/Llama-3-8B-ProLong-512k-Base,8.03,0.9047155452786809,5.0,21.67904493201005,pretrained,2024.0
princeton-nlp/Llama-3-8B-ProLong-512k-Instruct,8.03,0.9047155452786809,5.0,21.942343537569432,chat/finetuned,2024.0
princeton-nlp/Llama-3-8B-ProLong-512k-Instruct,8.03,0.9047155452786809,5.0,19.242001937233777,chat/finetuned,2024.0
princeton-nlp/Llama-3-8B-ProLong-64k-Base,8.03,0.9047155452786809,5.0,21.65219829915355,pretrained,2024.0
princeton-nlp/Llama-3-8B-ProLong-64k-Instruct,8.03,0.9047155452786809,5.0,23.020991799409,chat/finetuned,2024.0
princeton-nlp/Sheared-LLaMA-1.3B,1.3,0.11394335230683679,5.0,5.580925572139816,pretrained,2024.0
princeton-nlp/Sheared-LLaMA-2.7B,2.7,0.43136376415898736,5.0,6.437920061018112,pretrained,2024.0
princeton-nlp/gemma-2-9b-it-SimPO,9.242,0.9657659641826862,5.0,22.3449346084354,chat/finetuned,2024.0
prithivMLmods/Bellatrix-1.5B-xElite,1.777,0.2496874278053015,6.0,12.228869542511774,chat/finetuned,2025.0
prithivMLmods/Bellatrix-Tiny-1.5B-R1,1.544,0.18864729599971736,6.0,14.322564666933152,chat/finetuned,2025.0
prithivMLmods/Bellatrix-Tiny-1B-v2,1.236,0.09201847075279702,6.0,6.033864136016213,chat/finetuned,2025.0
prithivMLmods/Blaze-14B-xElite,14.66,1.1661339703051092,6.0,29.122992008208428,chat/finetuned,2025.0
prithivMLmods/COCO-7B-Instruct-1M,7.616,0.8817269353764179,6.0,28.952308445124856,chat/finetuned,2025.0
prithivMLmods/Calcium-Opus-14B-Elite,14.766,1.1692628640864462,6.0,40.07735278337776,chat/finetuned,2025.0
prithivMLmods/Calcium-Opus-14B-Elite,14.766,1.1692628640864462,6.0,38.249365220151496,chat/finetuned,2025.0
prithivMLmods/Calcium-Opus-14B-Elite-1M,14.77,1.1693804953119495,6.0,37.61517905195512,chat/finetuned,2025.0
prithivMLmods/Calcium-Opus-14B-Elite2,14.766,1.1692628640864462,6.0,40.24980893567484,chat/finetuned,2025.0
prithivMLmods/Calcium-Opus-14B-Elite2-R1,14.766,1.1692628640864462,6.0,38.56373181629569,chat/finetuned,2025.0
prithivMLmods/Calcium-Opus-14B-Elite3,14.766,1.1692628640864462,6.0,38.80335311719453,chat/finetuned,2025.0
prithivMLmods/Calcium-Opus-14B-Elite4,14.766,1.1692628640864462,6.0,36.74386944728247,chat/finetuned,2025.0
prithivMLmods/Calcium-Opus-20B-v1,19.173,1.2826900722682182,6.0,31.041733901500965,chat/finetuned,2025.0
prithivMLmods/Coma-II-14B,14.766,1.1692628640864462,6.0,39.45146855133309,chat/finetuned,2025.0
prithivMLmods/Condor-Opus-14B-Exp,14.77,1.1693804953119495,6.0,37.617199777677776,chat/finetuned,2025.0
prithivMLmods/Cygnus-II-14B,14.766,1.1692628640864462,6.0,40.52948756458168,chat/finetuned,2025.0
prithivMLmods/Deepthink-Llama-3-8B-Preview,8.03,0.9047155452786809,6.0,20.957476415581784,chat/finetuned,2025.0
prithivMLmods/Deepthink-Reasoning-14B,14.77,1.1693804953119495,6.0,37.765949130344175,chat/finetuned,2025.0
prithivMLmods/Dinobot-Opus-14B-Exp,14.77,1.1693804953119495,6.0,41.765081012881176,chat/finetuned,2025.0
prithivMLmods/Elita-0.1-Distilled-R1-abliterated,7.616,0.8817269353764179,6.0,17.39921663367112,chat/finetuned,2025.0
prithivMLmods/Elita-1,14.766,1.1692628640864462,6.0,36.545369563806254,chat/finetuned,2025.0
prithivMLmods/Epimetheus-14B-Axo,14.766,1.1692628640864462,6.0,39.08056006814201,chat/finetuned,2025.0
prithivMLmods/Equuleus-Opus-14B-Exp,14.766,1.1692628640864462,6.0,42.199750941616415,chat/finetuned,2025.0
prithivMLmods/Eridanus-Opus-14B-r999,14.77,1.1693804953119495,6.0,40.111313344425874,chat/finetuned,2025.0
prithivMLmods/Evac-Opus-14B-Exp,14.77,1.1693804953119495,6.0,39.323054993397584,chat/finetuned,2025.0
prithivMLmods/FastThink-0.5B-Tiny,0.494,-0.30627305107635305,6.0,7.516955448134702,chat/finetuned,2025.0
prithivMLmods/GWQ-9B-Preview,9.242,0.9657659641826862,6.0,30.15453648521797,chat/finetuned,2025.0
prithivMLmods/GWQ2b,2.614,0.4173055832445255,6.0,16.42971150895339,chat/finetuned,2025.0
prithivMLmods/Gaea-Opus-14B-Exp,14.766,1.1692628640864462,6.0,40.11380825495326,chat/finetuned,2025.0
prithivMLmods/Galactic-Qwen-14B-Exp1,14.766,1.1692628640864462,6.0,39.46950467300847,chat/finetuned,2025.0
prithivMLmods/Galactic-Qwen-14B-Exp2,14.766,1.1692628640864462,6.0,43.56371836153858,chat/finetuned,2025.0
prithivMLmods/Gauss-Opus-14B-R999,14.77,1.1693804953119495,6.0,38.80249475115856,chat/finetuned,2025.0
prithivMLmods/Jolt-v0.1,14.766,1.1692628640864462,6.0,37.194359554127736,chat/finetuned,2025.0
prithivMLmods/Lacerta-Opus-14B-Elite8,14.766,1.1692628640864462,6.0,38.069826308128185,chat/finetuned,2025.0
prithivMLmods/Llama-3.1-5B-Instruct,5.413,0.7334380270910613,6.0,4.207173577211278,chat/finetuned,2025.0
prithivMLmods/Llama-3.2-3B-Math-Oct,3.213,0.5069107255515181,6.0,17.441953756100272,chat/finetuned,2025.0
prithivMLmods/Llama-3.2-6B-AlgoCode,6.339,0.8020207517719758,6.0,9.301000017101474,chat/finetuned,2025.0
prithivMLmods/Llama-8B-Distill-CoT,8.03,0.9047155452786809,6.0,20.756374392650613,chat/finetuned,2025.0
prithivMLmods/Llama-Express.1-Math,1.236,0.09201847075279702,6.0,12.170622691501343,chat/finetuned,2025.0
prithivMLmods/LwQ-10B-Instruct,10.732,1.0306806639999013,6.0,20.967461043098936,chat/finetuned,2025.0
prithivMLmods/LwQ-Reasoner-10B,10.306,1.0130901381250559,6.0,26.99437823708219,chat/finetuned,2025.0
prithivMLmods/Magellanic-Opus-14B-Exp,14.766,1.1692628640864462,6.0,40.055124365076594,chat/finetuned,2025.0
prithivMLmods/Megatron-Corpus-14B-Exp,14.766,1.1692628640864462,6.0,35.55395685759063,chat/finetuned,2025.0
prithivMLmods/Megatron-Corpus-14B-Exp.v2,14.766,1.1692628640864462,6.0,31.898674141338944,chat/finetuned,2025.0
prithivMLmods/Megatron-Opus-14B-2.0,14.66,1.1661339703051092,6.0,36.80518021675177,chat/finetuned,2025.0
prithivMLmods/Megatron-Opus-14B-2.1,14.66,1.1661339703051092,6.0,28.50969719045679,chat/finetuned,2025.0
prithivMLmods/Megatron-Opus-14B-Exp,14.766,1.1692628640864462,6.0,36.964774794825566,chat/finetuned,2025.0
prithivMLmods/Megatron-Opus-7B-Exp,7.456,0.8725058993459249,6.0,27.61772604132373,chat/finetuned,2025.0
prithivMLmods/Messier-Opus-14B-Elite7,14.766,1.1692628640864462,6.0,41.66277236825811,chat/finetuned,2025.0
prithivMLmods/Pegasus-Opus-14B-Exp,14.766,1.1692628640864462,6.0,41.62328046376648,chat/finetuned,2025.0
prithivMLmods/Phi-4-Empathetic,14.66,1.1661339703051092,6.0,28.208396720096133,chat/finetuned,2025.0
prithivMLmods/Phi-4-Math-IO,14.66,1.1661339703051092,6.0,31.821782745368303,chat/finetuned,2025.0
prithivMLmods/Phi-4-QwQ,14.66,1.1661339703051092,6.0,31.262674551400632,chat/finetuned,2025.0
prithivMLmods/Phi-4-o1,14.66,1.1661339703051092,6.0,30.20428963456544,chat/finetuned,2025.0
prithivMLmods/Porpoise-Opus-14B-Exp,14.766,1.1692628640864462,6.0,41.769424398512,chat/finetuned,2025.0
prithivMLmods/Primal-Opus-14B-Optimus-v1,14.766,1.1692628640864462,6.0,36.0644115881976,chat/finetuned,2025.0
prithivMLmods/Primal-Opus-14B-Optimus-v2,14.766,1.1692628640864462,6.0,40.91271332337514,chat/finetuned,2025.0
prithivMLmods/QwQ-LCoT-14B-Conversational,14.77,1.1693804953119495,6.0,35.68306678902542,chat/finetuned,2025.0
prithivMLmods/QwQ-LCoT2-7B-Instruct,7.616,0.8817269353764179,6.0,30.32393037570108,chat/finetuned,2025.0
prithivMLmods/QwQ-MathOct-7B,7.616,0.8817269353764179,6.0,28.497758657229426,chat/finetuned,2025.0
prithivMLmods/QwQ-R1-Distill-1.5B-CoT,1.777,0.2496874278053015,6.0,13.93165110675273,chat/finetuned,2025.0
prithivMLmods/QwQ-R1-Distill-7B-CoT,7.616,0.8817269353764179,6.0,22.192243475184284,chat/finetuned,2025.0
prithivMLmods/Qwen-7B-Distill-Reasoner,7.616,0.8817269353764179,6.0,21.484736250167103,chat/finetuned,2025.0
prithivMLmods/SmolLM2-CoT-360M,0.362,-0.4412914294668343,6.0,5.950748387139655,chat/finetuned,2025.0
prithivMLmods/Sombrero-Opus-14B-Elite5,14.766,1.1692628640864462,6.0,42.32332845547639,chat/finetuned,2025.0
prithivMLmods/Sombrero-Opus-14B-Elite6,14.766,1.1692628640864462,6.0,41.88084511903062,chat/finetuned,2025.0
prithivMLmods/Sombrero-Opus-14B-Sm1,14.77,1.1693804953119495,6.0,39.22381959796,chat/finetuned,2025.0
prithivMLmods/Sombrero-Opus-14B-Sm2,14.77,1.1693804953119495,6.0,38.980475230049855,chat/finetuned,2025.0
prithivMLmods/Sombrero-Opus-14B-Sm4,14.77,1.1693804953119495,6.0,39.38545109416284,chat/finetuned,2025.0
prithivMLmods/Sombrero-Opus-14B-Sm5,14.766,1.1692628640864462,6.0,41.113179800786455,chat/finetuned,2025.0
prithivMLmods/Sqweeks-7B-Instruct,7.616,0.8817269353764179,6.0,23.920659418100318,chat/finetuned,2025.0
prithivMLmods/Tadpole-Opus-14B-Exp,14.766,1.1692628640864462,6.0,36.8786925782139,chat/finetuned,2025.0
prithivMLmods/Taurus-Opus-7B,7.456,0.8725058993459249,6.0,25.88865048007519,chat/finetuned,2025.0
prithivMLmods/Triangulum-10B,10.306,1.0130901381250559,6.0,28.30066565051636,chat/finetuned,2025.0
prithivMLmods/Triangulum-v2-10B,10.306,1.0130901381250559,6.0,32.83383929882561,chat/finetuned,2025.0
prithivMLmods/Tucana-Opus-14B-r999,14.77,1.1693804953119495,6.0,39.75066582236797,chat/finetuned,2025.0
prithivMLmods/Viper-Coder-Hybrid-v1.2,14.766,1.1692628640864462,6.0,38.82547529143809,chat/finetuned,2025.0
prithivMLmods/Viper-Coder-Hybrid-v1.3,14.766,1.1692628640864462,6.0,40.41199336479261,chat/finetuned,2025.0
prithivMLmods/Viper-Coder-HybridMini-v1.3,7.616,0.8817269353764179,6.0,33.800748621674735,chat/finetuned,2025.0
prithivMLmods/Viper-Coder-v0.1,14.766,1.1692628640864462,6.0,31.99646602214953,chat/finetuned,2025.0
prithivMLmods/Viper-Coder-v1.1,14.77,1.1693804953119495,6.0,40.26026084781071,chat/finetuned,2025.0
prithivMLmods/Viper-Coder-v1.6-r999,14.77,1.1693804953119495,6.0,40.588383013145055,chat/finetuned,2025.0
prithivMLmods/Viper-Coder-v1.7-Vsm6,14.766,1.1692628640864462,6.0,38.68288111891892,chat/finetuned,2025.0
prithivMLmods/Viper-OneCoder-UIGEN,14.77,1.1693804953119495,6.0,31.347294081128084,chat/finetuned,2025.0
prithivMLmods/Volans-Opus-14B-Exp,14.766,1.1692628640864462,6.0,39.70707475125064,chat/finetuned,2025.0
prithivMLmods/WebMind-7B-v0.1,7.616,0.8817269353764179,6.0,30.8050473229056,chat/finetuned,2025.0
pszemraj/Llama-3-6.3b-v0.1,6.3,0.7993405494535817,5.0,10.384306670382523,pretrained,2024.0
pszemraj/Mistral-v0.3-6B,5.939,0.7737133252770216,5.0,10.122379227914848,pretrained,2024.0
qingy2019/LLaMa_3.2_3B_Catalysts,3.0,0.47712125471966244,5.0,19.930930685006384,chat/finetuned,2024.0
qingy2019/Qwen2.5-Math-14B-Instruct,14.0,1.146128035678238,5.0,38.15392351928652,chat/finetuned,2024.0
qingy2019/Qwen2.5-Math-14B-Instruct,14.0,1.146128035678238,5.0,36.380504031909005,chat/finetuned,2024.0
qingy2019/Qwen2.5-Math-14B-Instruct-Alpha,14.0,1.146128035678238,5.0,36.84070516730529,chat/finetuned,2024.0
qingy2024/Falcon3-2x10B-MoE-Instruct,18.799,1.274134747878962,5.0,35.53368391277467,pretrained,2024.0
qingy2024/OwO-14B-Instruct,14.77,1.1693804953119495,5.0,29.28644722085275,chat/finetuned,2024.0
qingy2024/QwQ-14B-Math-v0.2,14.77,1.1693804953119495,5.0,28.93541522580025,chat/finetuned,2024.0
qingy2024/Qwarkstar-4B-Instruct-Preview,4.473,0.6505988981726569,6.0,18.87300966250048,chat/finetuned,2025.0
qingy2024/Qwen2.5-Math-14B-Instruct-Alpha,14.77,1.1693804953119495,5.0,39.35285681111407,chat/finetuned,2024.0
qingy2024/Qwen2.5-Math-14B-Instruct-Preview,14.77,1.1693804953119495,5.0,39.91810674601417,chat/finetuned,2024.0
qingy2024/Qwen2.6-Math-14B-Instruct,14.0,1.146128035678238,5.0,35.19645398109978,chat/finetuned,2024.0
raphgg/test-2.5-72B,72.706,1.8615702521158346,5.0,46.73987796559809,chat/finetuned,2024.0
rasyosef/Phi-1_5-Instruct-v0.1,1.415,0.15075643986030904,5.0,6.864747864349624,chat/finetuned,2024.0
rasyosef/phi-2-instruct-apo,2.775,0.443262987458695,5.0,12.547052522669906,chat/finetuned,2024.0
rasyosef/phi-2-instruct-v0.1,2.775,0.443262987458695,5.0,14.218631101919176,chat/finetuned,2024.0
recoilme/Gemma-2-Ataraxy-Gemmasutra-9B-slerp,10.159,1.006850960324272,5.0,29.873991757144,chat/finetuned,2024.0
recoilme/Gemma-2-Ataraxy-Gemmasutra-9B-slerp,10.159,1.006850960324272,5.0,23.910552802690432,其他,2024.0
redrix/AngelSlayer-12B-Unslop-Mell-RPMax-DARKNESS,12.248,1.0880651776902046,5.0,22.776537692077188,其他,2024.0
redrix/patricide-12B-Unslop-Mell,12.248,1.0880651776902046,5.0,23.021830606105613,其他,2024.0
rhymes-ai/Aria,25.307,1.4032406650844753,5.0,28.87016399525205,其他,2024.0
rhysjones/phi-2-orange-v2,2.78,0.4440447959180762,5.0,15.324185096371076,chat/finetuned,2024.0
riaz/FineLlama-3.1-8B,8.03,0.9047155452786809,5.0,17.660648060300424,chat/finetuned,2024.0
riaz/FineLlama-3.1-8B,8.03,0.9047155452786809,5.0,17.14751095671923,chat/finetuned,2024.0
rmdhirr/Gluon-8B,8.03,0.9047155452786809,5.0,23.97696294457469,其他,2024.0
rombodawg/Rombos-Coder-V2.5-Qwen-14b,14.77,1.1693804953119495,6.0,32.44560837708102,chat/finetuned,2025.0
rombodawg/Rombos-Coder-V2.5-Qwen-7b,7.616,0.8817269353764179,6.0,27.405414768306358,chat/finetuned,2025.0
rombodawg/Rombos-LLM-V2.5-Qwen-0.5b,0.63,-0.2006594505464183,5.0,9.38591999487923,chat/finetuned,2024.0
rombodawg/Rombos-LLM-V2.5-Qwen-1.5b,1.777,0.2496874278053015,5.0,16.35438589717866,chat/finetuned,2024.0
rombodawg/Rombos-LLM-V2.5-Qwen-14b,14.77,1.1693804953119495,5.0,39.50095591766085,chat/finetuned,2024.0
rombodawg/Rombos-LLM-V2.5-Qwen-32b,32.764,1.5153969172605857,5.0,45.83301184834238,chat/finetuned,2024.0
rombodawg/Rombos-LLM-V2.5-Qwen-7b,7.616,0.8817269353764179,5.0,32.74880353587022,chat/finetuned,2024.0
rombodawg/Rombos-LLM-V2.6-Nemotron-70b,70.554,1.8485216407506466,5.0,41.94623049260674,chat/finetuned,2024.0
rombodawg/Rombos-LLM-V2.6-Qwen-14b,14.77,1.1693804953119495,5.0,42.19934519573359,chat/finetuned,2024.0
rombodawg/rombos_Replete-Coder-Instruct-8b-Merged,8.03,0.9047155452786809,5.0,16.433823987631932,其他,2024.0
rootxhacker/Apollo-70B,70.554,1.8485216407506466,6.0,43.15901797697317,其他,2025.0
rootxhacker/Apollo_v2-32B,32.764,1.5153969172605857,6.0,39.81170120905305,其他,2025.0
rootxhacker/apollo-7B,7.616,0.8817269353764179,6.0,10.721175786000847,chat/finetuned,2025.0
rubenroy/Geneva-12B-GCv2-5m,12.248,1.0880651776902046,6.0,16.956630719456832,chat/finetuned,2025.0
rubenroy/Zurich-14B-GCv2-5m,14.77,1.1693804953119495,6.0,37.06368897687889,chat/finetuned,2025.0
ruizhe1217/sft-s1-qwen-0.5b,0.494,-0.30627305107635305,6.0,9.240285567836873,chat/finetuned,2025.0
sabersaleh/Llama2-7B-CPO,7.0,0.8450980400142568,5.0,7.303190047047342,chat/finetuned,2024.0
sabersaleh/Llama2-7B-DPO,7.0,0.8450980400142568,5.0,7.558004575587002,chat/finetuned,2024.0
sabersaleh/Llama2-7B-IPO,7.0,0.8450980400142568,5.0,7.804715247914783,chat/finetuned,2024.0
sabersaleh/Llama2-7B-KTO,7.0,0.8450980400142568,5.0,7.882716013659315,chat/finetuned,2024.0
sabersaleh/Llama2-7B-SPO,7.0,0.8450980400142568,5.0,7.352632078107196,chat/finetuned,2024.0
sabersaleh/Llama2-7B-SimPO,7.0,0.8450980400142568,5.0,7.610783251808889,chat/finetuned,2024.0
sabersaleh/Llama3,8.03,0.9047155452786809,5.0,17.458608830485915,chat/finetuned,2024.0
sabersalehk/Llama3-001-300,8.03,0.9047155452786809,5.0,17.12107684025811,chat/finetuned,2024.0
sabersalehk/Llama3-SimPO,8.03,0.9047155452786809,5.0,18.716097714176374,chat/finetuned,2024.0
sabersalehk/Llama3_001_200,8.03,0.9047155452786809,5.0,17.287940552816096,chat/finetuned,2024.0
sabersalehk/Llama3_01_300,8.03,0.9047155452786809,5.0,16.69882386756007,chat/finetuned,2024.0
saishshinde15/TethysAI_Base_Reasoning,3.086,0.4893959217271294,6.0,26.35483902520761,chat/finetuned,2025.0
saishshinde15/TethysAI_Vortex_Reasoning,3.086,0.4893959217271294,6.0,21.791497955306028,chat/finetuned,2025.0
sakaltcommunity/novablast-preview,32.764,1.5153969172605857,5.0,41.51641804260023,其他,2024.0
sakaltcommunity/sakaltum-7b,7.242,0.8598585204809929,5.0,13.528323522415516,其他,2024.0
saltlux/luxia-21.4b-alignment-v1.0,21.421,1.3308397412084711,5.0,23.45457393678268,chat/finetuned,2024.0
saltlux/luxia-21.4b-alignment-v1.2,21.421,1.3308397412084711,5.0,24.58071047593133,chat/finetuned,2024.0
sam-paech/Darkest-muse-v1,10.159,1.006850960324272,5.0,33.447324199858144,其他,2024.0
sam-paech/Delirium-v1,9.242,0.9657659641826862,5.0,33.09183474861921,chat/finetuned,2024.0
sarvamai/OpenHathi-7B-Hi-v0.1-Base,6.87,0.8369567370595504,6.0,6.3386943375795655,chat/finetuned,2025.0
senseable/WestLake-7B-v2,7.242,0.8598585204809929,5.0,16.257065193895503,chat/finetuned,2024.0
sequelbox/Llama3.1-70B-PlumChat,70.554,1.8485216407506466,5.0,37.409205844366646,其他,2024.0
sequelbox/Llama3.1-8B-MOTH,8.03,0.9047155452786809,5.0,20.83650360825358,chat/finetuned,2024.0
sequelbox/Llama3.1-8B-PlumChat,8.03,0.9047155452786809,5.0,13.214730095703656,chat/finetuned,2024.0
sequelbox/Llama3.1-8B-PlumCode,8.03,0.9047155452786809,5.0,9.82399989942098,chat/finetuned,2024.0
sequelbox/Llama3.1-8B-PlumMath,8.03,0.9047155452786809,5.0,13.936685074512214,chat/finetuned,2024.0
sequelbox/gemma-2-9B-MOTH,9.242,0.9657659641826862,5.0,4.729557867247653,chat/finetuned,2024.0
sethuiyer/Llamaverse-3.1-8B-Instruct,8.03,0.9047155452786809,6.0,26.19209991300966,其他,2025.0
sethuiyer/Qwen2.5-7B-Anvita,7.616,0.8817269353764179,5.0,29.89836212098824,其他,2024.0
shadowml/Mixolar-4x7b,36.099,1.5574951714209717,5.0,20.252696525459797,其他,2024.0
shivam9980/NEPALI-LLM,10.273,1.0116972881141424,5.0,6.93055339969496,pretrained,2024.0
shivam9980/mistral-7b-news-cnn-merged,7.723,0.8877860348383715,5.0,17.196276123590845,chat/finetuned,2024.0
shyamieee/Padma-v7.0,7.242,0.8598585204809929,5.0,19.75621841010717,其他,2024.0
silma-ai/SILMA-9B-Instruct-v1.0,9.242,0.9657659641826862,5.0,26.308011915634108,chat/finetuned,2024.0
silma-ai/SILMA-Kashif-2B-Instruct-v1.0,2.614,0.4173055832445255,6.0,8.452456221236272,chat/finetuned,2025.0
siqi00/Mistral-7B-DFT,7.242,0.8598585204809929,6.0,20.75522180931725,chat/finetuned,2025.0
siqi00/Mistral-7B-DFT2,7.242,0.8598585204809929,6.0,19.8755968493133,chat/finetuned,2025.0
skumar9/Llama-medx_v2,8.03,0.9047155452786809,6.0,19.88386236667153,chat/finetuned,2025.0
skymizer/Llama2-7b-sft-chat-custom-template-dpo,6.738,0.8285310066451015,5.0,10.140548181946365,chat/finetuned,2024.0
sometimesanotion/Lamarck-14B-v0.3,14.766,1.1692628640864462,5.0,36.853034263826295,其他,2024.0
sometimesanotion/Lamarck-14B-v0.6,14.766,1.1692628640864462,6.0,41.16744391023699,其他,2025.0
sometimesanotion/Lamarck-14B-v0.7-Fusion,14.766,1.1692628640864462,6.0,41.68165196521005,其他,2025.0
sometimesanotion/Lamarck-14B-v0.7-rc4,14.766,1.1692628640864462,6.0,41.79013452973212,其他,2025.0
sometimesanotion/Qwen2.5-14B-Vimarckoso-v3,14.0,1.146128035678238,5.0,41.02652166075893,其他,2024.0
sometimesanotion/Qwenvergence-14B-v11,14.766,1.1692628640864462,6.0,41.51678135973019,其他,2025.0
sometimesanotion/Qwenvergence-14B-v13-Prose-DS,14.766,1.1692628640864462,6.0,41.0787757849406,其他,2025.0
sometimesanotion/Qwenvergence-14B-v3-Prose,14.766,1.1692628640864462,5.0,37.52186681948957,其他,2024.0
sometimesanotion/Qwenvergence-14B-v6-Prose,14.0,1.146128035678238,5.0,38.9508473949213,其他,2024.0
sonthenguyen/ft-unsloth-zephyr-sft-bnb-4bit-20241014-161415,7.723,0.8877860348383715,5.0,8.889814609614424,chat/finetuned,2024.0
sonthenguyen/ft-unsloth-zephyr-sft-bnb-4bit-20241014-164205,7.723,0.8877860348383715,5.0,12.93210443469452,chat/finetuned,2024.0
sonthenguyen/ft-unsloth-zephyr-sft-bnb-4bit-20241014-170522,7.723,0.8877860348383715,5.0,13.424509088727826,chat/finetuned,2024.0
sonthenguyen/zephyr-sft-bnb-4bit-DPO-mtbc-213steps,7.242,0.8598585204809929,5.0,15.85379263495726,chat/finetuned,2024.0
sonthenguyen/zephyr-sft-bnb-4bit-DPO-mtbo-180steps,7.242,0.8598585204809929,5.0,15.602364526823637,chat/finetuned,2024.0
sonthenguyen/zephyr-sft-bnb-4bit-DPO-mtbr-180steps,7.242,0.8598585204809929,5.0,16.475407146329456,chat/finetuned,2024.0
speakleash/Bielik-11B-v2,11.169,1.0480142909380548,5.0,15.989069166924798,pretrained,2024.0
speakleash/Bielik-11B-v2.0-Instruct,11.169,1.0480142909380548,5.0,24.661167243528865,chat/finetuned,2024.0
speakleash/Bielik-11B-v2.1-Instruct,11.169,1.0480142909380548,5.0,27.19716415968224,chat/finetuned,2024.0
speakleash/Bielik-11B-v2.2-Instruct,11.169,1.0480142909380548,5.0,27.9792775947469,chat/finetuned,2024.0
speakleash/Bielik-11B-v2.3-Instruct,11.169,1.0480142909380548,5.0,28.331123935725586,chat/finetuned,2024.0
spmurrayzzz/Mistral-Syndicate-7B,7.242,0.8598585204809929,5.0,14.012817664482595,chat/finetuned,2024.0
stabilityai/stablelm-3b-4e1t,2.795,0.4463818122224421,5.0,7.3261912916856,pretrained,2024.0
sthenno/tempesthenno-fusion-0309,14.766,1.1692628640864462,6.0,42.138889973963565,chat/finetuned,2025.0
sthenno/tempesthenno-kto-0205-ckpt80,14.766,1.1692628640864462,6.0,41.7909439445551,chat/finetuned,2025.0
sthenno/tempesthenno-nuslerp-001,14.766,1.1692628640864462,6.0,42.58615155936238,chat/finetuned,2025.0
sthenno/tempesthenno-nuslerp-0124,14.766,1.1692628640864462,6.0,41.287889272020685,chat/finetuned,2025.0
sthenno/tempesthenno-ppo-ckpt40,14.766,1.1692628640864462,6.0,42.73562035742862,chat/finetuned,2025.0
sthenno/tempesthenno-sft-0309-ckpt10,14.766,1.1692628640864462,6.0,42.192396685999725,chat/finetuned,2025.0
sthenno/tempesthenno-sft-0314-stage1-ckpt50,14.766,1.1692628640864462,6.0,41.88689161687085,chat/finetuned,2025.0
sthenno/tempestissimo-14b-0309,14.766,1.1692628640864462,6.0,41.88723985978792,chat/finetuned,2025.0
sthenno-com/miscii-14b-0130,14.766,1.1692628640864462,6.0,41.08592583319626,chat/finetuned,2025.0
sthenno-com/miscii-14b-0218,14.766,1.1692628640864462,6.0,42.89726019720522,chat/finetuned,2025.0
sthenno-com/miscii-14b-1028,14.77,1.1693804953119495,5.0,42.38069997703781,chat/finetuned,2024.0
sthenno-com/miscii-14b-1225,14.766,1.1692628640864462,5.0,42.34951191764194,chat/finetuned,2024.0
streamerbtw1002/Nexuim-R1-7B-Instruct,7.616,0.8817269353764179,6.0,30.443047255620304,chat/finetuned,2025.0
stupidity-ai/Llama-3-8B-Instruct-MultiMoose,8.03,0.9047155452786809,6.0,4.768701692265338,其他,2025.0
suayptalha/Clarus-7B-v0.1,7.616,0.8817269353764179,6.0,36.705259716178944,其他,2025.0
suayptalha/Clarus-7B-v0.2,7.613,0.8815558297933116,6.0,36.86064291856668,其他,2025.0
suayptalha/Clarus-7B-v0.3,7.616,0.8817269353764179,6.0,36.77615414123522,其他,2025.0
suayptalha/DeepSeek-R1-Distill-Llama-3B,3.213,0.5069107255515181,6.0,23.27368245692195,chat/finetuned,2025.0
suayptalha/HomerCreativeAnvita-Mix-Qw7B,7.616,0.8817269353764179,5.0,35.464381527434064,其他,2024.0
suayptalha/Komodo-Llama-3.2-3B-v2-fp16,3.0,0.47712125471966244,5.0,20.317372826484497,chat/finetuned,2024.0
suayptalha/Lamarckvergence-14B,14.766,1.1692628640864462,6.0,43.32033313654279,其他,2025.0
suayptalha/Lix-14B-v0.1,14.766,1.1692628640864462,6.0,43.31763225045196,其他,2025.0
suayptalha/Luminis-phi-4,14.66,1.1661339703051092,6.0,41.75746608595973,其他,2025.0
sumink/ftgpt,0.124,-0.906578314837765,5.0,3.951784139825086,chat/finetuned,2024.0
sumink/llamamerge,13.016,1.1144775399288023,6.0,14.736806871689032,其他,2025.0
sunbaby/BrainCog-8B-0.1-Instruct,8.03,0.9047155452786809,5.0,18.380632683786093,chat/finetuned,2024.0
swap-uniba/LLaMAntino-3-ANITA-8B-Inst-DPO-ITA,8.03,0.9047155452786809,5.0,21.82755308278925,chat/finetuned,2024.0
tangledgroup/tangled-llama-pints-1.5b-v0.1-instruct,1.5,0.17609125905568124,5.0,4.366498008182751,chat/finetuned,2024.0
tangledgroup/tangled-llama-pints-1.5b-v0.2-instruct,1.5,0.17609125905568124,5.0,4.745857038769314,chat/finetuned,2024.0
tanliboy/lambda-gemma-2-9b-dpo,9.242,0.9657659641826862,5.0,22.91040441700333,chat/finetuned,2024.0
tanliboy/lambda-gemma-2-9b-dpo,9.242,0.9657659641826862,5.0,16.97010860262216,chat/finetuned,2024.0
tanliboy/lambda-qwen2.5-14b-dpo-test,14.77,1.1693804953119495,5.0,42.61740082662664,chat/finetuned,2024.0
tanliboy/lambda-qwen2.5-32b-dpo-test,32.764,1.5153969172605857,5.0,45.92459258818872,chat/finetuned,2024.0
teknium/CollectiveCognition-v1.1-Mistral-7B,7.0,0.8450980400142568,5.0,14.256397052482129,chat/finetuned,2024.0
teknium/OpenHermes-13B,13.0,1.1139433523068367,5.0,12.182264325006637,chat/finetuned,2024.0
teknium/OpenHermes-2-Mistral-7B,7.0,0.8450980400142568,5.0,21.44047612236278,chat/finetuned,2024.0
teknium/OpenHermes-2.5-Mistral-7B,7.242,0.8598585204809929,5.0,21.317189027423066,chat/finetuned,2024.0
teknium/OpenHermes-7B,7.0,0.8450980400142568,5.0,9.569248719177576,chat/finetuned,2024.0
tensopolis/lamarckvergence-14b-tensopolis-v1,14.766,1.1692628640864462,6.0,42.91732437905944,其他,2025.0
tensopolis/mistral-small-2501-tensopolis-v1,23.572,1.3723964324231115,6.0,39.24515046605988,其他,2025.0
tensopolis/mistral-small-r1-tensopolis,23.572,1.3723964324231115,6.0,25.876977987240537,chat/finetuned,2025.0
tensopolis/phi-4-tensopolis-v1,14.66,1.1661339703051092,6.0,40.45533321662008,其他,2025.0
tensopolis/qwen2.5-14b-tensopolis-v1,14.77,1.1693804953119495,6.0,41.14159022263494,其他,2025.0
tensopolis/qwen2.5-7b-tensopolis-v1,7.616,0.8817269353764179,6.0,35.49167672948769,其他,2025.0
tensopolis/qwen2.5-7b-tensopolis-v2,7.616,0.8817269353764179,6.0,35.37814971872235,其他,2025.0
tensopolis/virtuoso-small-tensopolis-v1,14.77,1.1693804953119495,6.0,38.413589685550576,其他,2025.0
tensopolis/virtuoso-small-tensopolis-v2,14.77,1.1693804953119495,6.0,40.113839873543775,其他,2025.0
tensopolis/virtuoso-small-v2-tensopolis-v1,14.766,1.1692628640864462,6.0,42.6978958480128,其他,2025.0
tensoropera/Fox-1-1.6B,1.665,0.22141423784233868,5.0,7.764365648440015,pretrained,2024.0
tenyx/Llama3-TenyxChat-70B,70.554,1.8485216407506466,5.0,36.69601460825378,chat/finetuned,2024.0
theo77186/Qwen2.5-Coder-7B-Instruct-20241106,7.616,0.8817269353764179,6.0,28.33079885828984,chat/finetuned,2025.0
theprint/CleverBoi-7B-v2,7.736,0.8885164610749452,5.0,15.095914857389625,chat/finetuned,2024.0
theprint/CleverBoi-7B-v3,7.736,0.8885164610749452,5.0,13.690467425790892,chat/finetuned,2024.0
theprint/CleverBoi-Llama-3.1-8B-Instruct,16.061,1.2057725820984198,5.0,13.970394725475051,chat/finetuned,2024.0
theprint/CleverBoi-Llama-3.1-8B-v2,9.3,0.9684829485539351,5.0,14.145587569893708,chat/finetuned,2024.0
theprint/CleverBoi-Nemo-12B-v2,13.933,1.1440446371109494,5.0,17.858393307746045,chat/finetuned,2024.0
theprint/Code-Llama-Bagel-8B,8.03,0.9047155452786809,5.0,14.665251333761097,其他,2024.0
theprint/Conversely-Mistral-7B,14.496,1.161248180332738,5.0,15.03265572351316,chat/finetuned,2024.0
theprint/Llama-3.2-3B-VanRossum,3.696,0.5677319625480691,5.0,17.58480896190996,chat/finetuned,2024.0
theprint/ReWiz-7B,7.736,0.8885164610749452,5.0,17.7870406487212,chat/finetuned,2024.0
theprint/ReWiz-Llama-3.1-8B-v2,9.3,0.9684829485539351,5.0,15.893327785890378,chat/finetuned,2024.0
theprint/ReWiz-Llama-3.2-3B,3.213,0.5069107255515181,5.0,18.18625421313072,chat/finetuned,2024.0
theprint/ReWiz-Nemo-12B-Instruct,12.248,1.0880651776902046,5.0,16.173142405102812,chat/finetuned,2024.0
theprint/ReWiz-Qwen-2.5-14B,16.743,1.2238332772363227,5.0,30.03173400795292,chat/finetuned,2024.0
theprint/WorldBuilder-12B,13.933,1.1440446371109494,5.0,14.516406576626444,chat/finetuned,2024.0
theprint/phi-3-mini-4k-python,4.132,0.6161603128475829,5.0,17.728138144118287,chat/finetuned,2024.0
tianyil1/MistralForCausalLM_Cal_DPO,7.242,0.8598585204809929,6.0,18.088644447193257,chat/finetuned,2025.0
tiiuae/falcon-40b,40.0,1.6020599913279623,5.0,11.40130446230009,pretrained,2024.0
tiiuae/falcon-40b-instruct,40.0,1.6020599913279623,5.0,10.484506782098748,chat/finetuned,2024.0
tiiuae/falcon-7b,7.0,0.8450980400142568,5.0,5.17344472031948,pretrained,2024.0
tiiuae/falcon-7b-instruct,7.0,0.8450980400142568,5.0,5.1165739086852,chat/finetuned,2024.0
tinycompany/BiBo-v0.7,2.943,0.46879026209961094,6.0,15.965356863831778,chat/finetuned,2025.0
tinycompany/ShawtyIsBad-bgem3,1.436,0.15715443990628153,6.0,12.610397878155718,pretrained,2025.0
tinycompany/ShawtyIsBad-e5-large,1.436,0.15715443990628153,6.0,12.316339936795012,pretrained,2025.0
tinycompany/ShawtyIsBad-ib,1.436,0.15715443990628153,6.0,12.35455968391428,pretrained,2025.0
tinycompany/ShawtyIsBad-nomic-moe,1.436,0.15715443990628153,6.0,12.741407000136505,pretrained,2025.0
tinycompany/ShawtyIsBad-nomic1.5,1.436,0.15715443990628153,6.0,12.504999335501656,pretrained,2025.0
tinycompany/SigmaBoi-base,2.943,0.46879026209961094,6.0,15.2508076506235,pretrained,2025.0
tinycompany/SigmaBoi-bge-m3,2.943,0.46879026209961094,6.0,15.455458242923893,pretrained,2025.0
tinycompany/SigmaBoi-bgem3,2.943,0.46879026209961094,6.0,15.455458242923893,chat/finetuned,2025.0
tinycompany/SigmaBoi-ib,2.943,0.46879026209961094,6.0,14.968209771816907,pretrained,2025.0
tinycompany/SigmaBoi-nomic-moe,2.943,0.46879026209961094,6.0,15.186432252407451,pretrained,2025.0
tinycompany/SigmaBoi-nomic1.5,2.943,0.46879026209961094,6.0,15.473023890881102,pretrained,2025.0
tinycompany/SigmaBoi-nomic1.5-fp32,2.943,0.46879026209961094,6.0,15.498419470905068,pretrained,2025.0
tinycompany/Tamed-Shawty,1.562,0.19368102954128152,6.0,13.533997252162251,chat/finetuned,2025.0
togethercomputer/GPT-JT-6B-v1,6.0,0.7781512503836436,5.0,6.877706827738106,chat/finetuned,2024.0
togethercomputer/GPT-NeoXT-Chat-Base-20B,20.0,1.3010299956639813,5.0,5.140295456712411,chat/finetuned,2024.0
togethercomputer/LLaMA-2-7B-32K,7.0,0.8450980400142568,5.0,6.8377158675946506,chat/finetuned,2024.0
togethercomputer/Llama-2-7B-32K-Instruct,7.0,0.8450980400142568,5.0,8.25854218578891,chat/finetuned,2024.0
togethercomputer/RedPajama-INCITE-7B-Base,7.0,0.8450980400142568,5.0,5.56181429403527,pretrained,2024.0
togethercomputer/RedPajama-INCITE-7B-Chat,7.0,0.8450980400142568,5.0,4.050900591245242,chat/finetuned,2024.0
togethercomputer/RedPajama-INCITE-7B-Instruct,7.0,0.8450980400142568,5.0,6.456725492718323,chat/finetuned,2024.0
togethercomputer/RedPajama-INCITE-Base-3B-v1,3.0,0.47712125471966244,5.0,5.521090384654182,pretrained,2024.0
togethercomputer/RedPajama-INCITE-Chat-3B-v1,3.0,0.47712125471966244,5.0,4.848823926757166,chat/finetuned,2024.0
togethercomputer/RedPajama-INCITE-Instruct-3B-v1,3.0,0.47712125471966244,5.0,5.777231560126986,chat/finetuned,2024.0
tokyotech-llm/Llama-3-Swallow-8B-Instruct-v0.1,8.03,0.9047155452786809,5.0,22.34514981791089,chat/finetuned,2024.0
tomasmcm/sky-t1-coder-32b-flash,32.764,1.5153969172605857,6.0,44.868558910231286,其他,2025.0
tugstugi/Qwen2.5-7B-Instruct-QwQ-v0.1,7.616,0.8817269353764179,6.0,28.42790067536457,chat/finetuned,2025.0
universalml/NepaliGPT-2.0,8.03,0.9047155452786809,6.0,12.586353879208668,chat/finetuned,2025.0
unsloth/Llama-3.2-1B-Instruct,1.236,0.09201847075279702,6.0,14.532450983938604,chat/finetuned,2025.0
unsloth/Phi-3-mini-4k-instruct,3.821,0.5821770376884089,5.0,27.342019856110284,其他,2024.0
unsloth/phi-4,14.66,1.1661339703051092,6.0,40.728304291060965,chat/finetuned,2025.0
unsloth/phi-4-bnb-4bit,8.058,0.906227263052359,6.0,39.06049481375357,chat/finetuned,2025.0
unsloth/phi-4-unsloth-bnb-4bit,8.483,0.9285494670016639,6.0,39.21645140571378,chat/finetuned,2025.0
upstage/SOLAR-10.7B-v1.0,10.732,1.0306806639999013,5.0,16.8549748598855,pretrained,2024.0
upstage/solar-pro-preview-instruct,22.14,1.345177616542704,5.0,39.93865486453309,chat/finetuned,2024.0
utkmst/chimera-beta-test2-lora-merged,8.03,0.9047155452786809,6.0,22.38980642084878,chat/finetuned,2025.0
uukuguy/speechless-code-mistral-7b-v1.0,7.0,0.8450980400142568,5.0,18.19259169032542,chat/finetuned,2024.0
uukuguy/speechless-codellama-34b-v2.0,34.0,1.5314789170422551,5.0,17.209357596769955,chat/finetuned,2024.0
uukuguy/speechless-coder-ds-6.7b,6.7,0.8260748027008264,5.0,9.714852002598894,chat/finetuned,2024.0
uukuguy/speechless-instruct-mistral-7b-v0.2,7.242,0.8598585204809929,5.0,18.10671348498029,chat/finetuned,2024.0
uukuguy/speechless-mistral-dolphin-orca-platypus-samantha-7b,7.242,0.8598585204809929,5.0,18.340089485864254,chat/finetuned,2024.0
uukuguy/speechless-zephyr-code-functionary-7b,7.242,0.8598585204809929,5.0,16.460834340340238,chat/finetuned,2024.0
v000000/Qwen2.5-14B-Gutenberg-1e-Delta,14.77,1.1693804953119495,5.0,40.87901381911441,chat/finetuned,2024.0
v000000/Qwen2.5-14B-Gutenberg-Instruct-Slerpeno,14.77,1.1693804953119495,5.0,41.36227864094851,其他,2024.0
v000000/Qwen2.5-Lumen-14B,14.77,1.1693804953119495,5.0,41.13785114892261,chat/finetuned,2024.0
vhab10/Llama-3.1-8B-Base-Instruct-SLERP,8.03,0.9047155452786809,5.0,19.27479354795199,其他,2024.0
vhab10/Llama-3.2-Instruct-3B-TIES,1.848,0.2667019668840879,5.0,17.33432617767801,其他,2024.0
vhab10/llama-3-8b-merged-linear,4.65,0.667452952889954,5.0,23.91136833689406,其他,2024.0
vicgalle/CarbonBeagle-11B,10.732,1.0306806639999013,5.0,22.470185912589034,chat/finetuned,2024.0
vicgalle/CarbonBeagle-11B-truthy,10.732,1.0306806639999013,5.0,21.31996250525653,chat/finetuned,2024.0
vicgalle/Configurable-Hermes-2-Pro-Llama-3-8B,8.031,0.9047696259065952,5.0,22.56595247127864,chat/finetuned,2024.0
vicgalle/Configurable-Llama-3.1-8B-Instruct,8.03,0.9047155452786809,5.0,28.01011138792457,chat/finetuned,2024.0
vicgalle/Configurable-Yi-1.5-9B-Chat,8.829,0.9459115168192734,5.0,26.162899498605693,chat/finetuned,2024.0
vicgalle/ConfigurableBeagle-11B,10.732,1.0306806639999013,5.0,22.622956003400244,chat/finetuned,2024.0
vicgalle/ConfigurableHermes-7B,7.242,0.8598585204809929,5.0,19.53629541490737,chat/finetuned,2024.0
vicgalle/ConfigurableSOLAR-10.7B,10.732,1.0306806639999013,5.0,20.153450201779847,chat/finetuned,2024.0
vicgalle/Humanish-RP-Llama-3.1-8B,8.03,0.9047155452786809,5.0,25.423199454688373,chat/finetuned,2024.0
vicgalle/Merge-Mistral-Prometheus-7B,7.242,0.8598585204809929,5.0,16.58664234759141,其他,2024.0
vicgalle/Merge-Mixtral-Prometheus-8x7B,46.703,1.669344778673157,5.0,24.76898152616297,其他,2024.0
vicgalle/Roleplay-Llama-3-8B,8.03,0.9047155452786809,5.0,24.020182936148974,chat/finetuned,2024.0
vihangd/smart-dan-sft-v0.1,0.379,-0.42136079003192767,5.0,3.871212537831616,chat/finetuned,2024.0
voidful/smol-360m-ft,0.362,-0.4412914294668343,5.0,4.78993024096286,chat/finetuned,2024.0
vonjack/Phi-3-mini-4k-instruct-LLaMAfied,3.821,0.5821770376884089,6.0,26.96808014137996,chat/finetuned,2025.0
vonjack/Phi-3.5-mini-instruct-hermes-fc-json,4.132,0.6161603128475829,5.0,4.642406244437133,chat/finetuned,2024.0
w4r10ck/SOLAR-10.7B-Instruct-v1.0-uncensored,10.732,1.0306806639999013,5.0,21.621994458789136,chat/finetuned,2024.0
wannaphong/KhanomTanLLM-Instruct,3.447,0.5374412834079476,5.0,4.8192843205392455,chat/finetuned,2024.0
win10/Breeze-13B-32k-Instruct-v1_0,12.726,1.1046919189002056,5.0,15.461558427858105,其他,2024.0
win10/Llama-3.2-3B-Instruct-24-9-29,3.213,0.5069107255515181,5.0,24.00469809006401,chat/finetuned,2024.0
win10/llama3-13.45b-Instruct,13.265,1.122707254318348,5.0,17.340222099927356,chat/finetuned,2024.0
win10/miscii-14b-1M-0128,14.766,1.1692628640864462,6.0,35.33959615681345,其他,2025.0
x0000001/Deepseek-Lumen-R1-Qwen2.5-14B,14.77,1.1693804953119495,6.0,26.028524707214856,chat/finetuned,2025.0
xMaulana/FinMatcha-3B-Instruct,3.213,0.5069107255515181,5.0,24.14212432324268,chat/finetuned,2024.0
xinchen9/Llama3.1_8B_Instruct_CoT,8.03,0.9047155452786809,5.0,16.316624597778073,chat/finetuned,2024.0
xinchen9/Llama3.1_CoT,8.03,0.9047155452786809,5.0,13.741515006547855,chat/finetuned,2024.0
xinchen9/Llama3.1_CoT_V1,8.03,0.9047155452786809,5.0,14.734826092960333,chat/finetuned,2024.0
xinchen9/Mistral-7B-CoT,7.242,0.8598585204809929,5.0,11.26567589705759,chat/finetuned,2024.0
xinchen9/llama3-b8-ft-dis,8.03,0.9047155452786809,5.0,13.97349198756153,chat/finetuned,2024.0
xwen-team/Xwen-7B-Chat,7.616,0.8817269353764179,6.0,31.576751501854343,chat/finetuned,2025.0
xxx777xxxASD/L3.1-ClaudeMaid-4x8B,24.942,1.3969312748898584,5.0,26.404880965062542,其他,2024.0
yam-peleg/Hebrew-Mistral-7B,7.504,0.875292825371008,5.0,13.302117179699644,chat/finetuned,2024.0
yam-peleg/Hebrew-Mistral-7B-200K,7.504,0.875292825371008,5.0,10.64429135893812,chat/finetuned,2024.0
yam-peleg/Hebrew-Mistral-7B-200K,7.504,0.875292825371008,5.0,8.386669075864491,pretrained,2024.0
yanng1242/Marcoro14-7B-slerp,7.242,0.8598585204809929,6.0,21.933478090702422,其他,2025.0
yasserrmd/Coder-GRPO-3B,3.086,0.4893959217271294,6.0,25.914051108530288,chat/finetuned,2025.0
yasserrmd/Text2SQL-1.5B,1.544,0.18864729599971736,6.0,13.233972018030462,chat/finetuned,2025.0
ylalain/ECE-PRYMMAL-YL-1B-SLERP-V8,1.357,0.13257984765973707,5.0,9.679667500944214,其他,2024.0
ymcki/Llama-3.1-8B-GRPO-Instruct,8.03,0.9047155452786809,6.0,28.168375624484387,chat/finetuned,2025.0
ymcki/Llama-3.1-8B-SFT-GRPO-Instruct,8.03,0.9047155452786809,6.0,7.65915538651705,chat/finetuned,2025.0
ymcki/gemma-2-2b-ORPO-jpn-it-abliterated-18,2.614,0.4173055832445255,5.0,15.288362728327092,chat/finetuned,2024.0
ymcki/gemma-2-2b-ORPO-jpn-it-abliterated-18-merge,2.614,0.4173055832445255,5.0,16.505537805625195,chat/finetuned,2024.0
ymcki/gemma-2-2b-jpn-it-abliterated-17,2.614,0.4173055832445255,5.0,15.64497618709844,chat/finetuned,2024.0
ymcki/gemma-2-2b-jpn-it-abliterated-17-18-24,2.614,0.4173055832445255,5.0,14.44776069045957,chat/finetuned,2024.0
ymcki/gemma-2-2b-jpn-it-abliterated-17-ORPO,2.614,0.4173055832445255,5.0,14.844141845651569,chat/finetuned,2024.0
ymcki/gemma-2-2b-jpn-it-abliterated-18,2.614,0.4173055832445255,5.0,16.245944384743186,chat/finetuned,2024.0
ymcki/gemma-2-2b-jpn-it-abliterated-18-ORPO,2.614,0.4173055832445255,5.0,15.132293957042885,chat/finetuned,2024.0
ymcki/gemma-2-2b-jpn-it-abliterated-24,2.614,0.4173055832445255,5.0,16.334186539569448,chat/finetuned,2024.0
yuchenxie/ArlowGPT-3B-Multilingual,3.213,0.5069107255515181,6.0,20.501174920235083,chat/finetuned,2025.0
yuchenxie/ArlowGPT-8B,8.03,0.9047155452786809,6.0,28.973572026793597,chat/finetuned,2025.0
yuvraj17/Llama3-8B-SuperNova-Spectrum-Hermes-DPO,8.03,0.9047155452786809,5.0,18.088167586242665,chat/finetuned,2024.0
yuvraj17/Llama3-8B-SuperNova-Spectrum-dare_ties,8.03,0.9047155452786809,5.0,19.17256512798472,其他,2024.0
yuvraj17/Llama3-8B-abliterated-Spectrum-slerp,8.03,0.9047155452786809,5.0,17.72531595014861,其他,2024.0
zake7749/gemma-2-2b-it-chinese-kyara-dpo,2.614,0.4173055832445255,5.0,19.62411186744714,chat/finetuned,2024.0
zake7749/gemma-2-9b-it-chinese-kyara,9.242,0.9657659641826862,6.0,21.38318153545784,chat/finetuned,2025.0
zelk12/MT-Gen4-gemma-2-9B,10.159,1.006850960324272,5.0,34.69186259861687,其他,2024.0
zelk12/MT-Gen5-gemma-2-9B,10.159,1.006850960324272,5.0,34.56384281127872,其他,2024.0
zelk12/MT-Gen6-gemma-2-9B,10.159,1.006850960324272,6.0,19.816468872767587,其他,2025.0
zelk12/MT-Gen6fix-gemma-2-9B,10.159,1.006850960324272,6.0,20.06441030320394,其他,2025.0
zelk12/MT-Gen7-gemma-2-9B,10.159,1.006850960324272,6.0,20.39180070971448,其他,2025.0
zelk12/MT-Max-Merge_02012025163610-gemma-2-9B,10.159,1.006850960324272,6.0,34.703708309941995,其他,2025.0
zelk12/MT-Merge3-gemma-2-9B,10.159,1.006850960324272,5.0,34.63973964338121,其他,2024.0
zelk12/MT-Merge4-gemma-2-9B,10.159,1.006850960324272,5.0,34.59930867791183,其他,2024.0
zelk12/MT-Merge5-gemma-2-9B,10.159,1.006850960324272,5.0,34.6922400282852,其他,2024.0
zelk12/MT-Merge6-gemma-2-9B,10.159,1.006850960324272,6.0,20.20346619991928,其他,2025.0
zelk12/MT1-Gen4-gemma-2-9B,10.159,1.006850960324272,5.0,34.28920938772912,其他,2024.0
zelk12/MT1-Gen5-gemma-2-9B,10.159,1.006850960324272,5.0,33.556617199966034,其他,2024.0
zelk12/MT1-Gen6-gemma-2-9B,10.159,1.006850960324272,6.0,19.919694219754245,其他,2025.0
zelk12/MT1-Gen7-gemma-2-9B,10.159,1.006850960324272,6.0,20.19902054572098,其他,2025.0
zelk12/MT1-Max-Merge_02012025163610-gemma-2-9B,10.159,1.006850960324272,6.0,34.87300068519695,其他,2025.0
zelk12/MT2-Gen4-gemma-2-9B,10.159,1.006850960324272,5.0,34.202321593914604,其他,2024.0
zelk12/MT2-Gen5-gemma-2-9B,10.159,1.006850960324272,5.0,34.04923355550058,其他,2024.0
zelk12/MT2-Gen6-gemma-2-9B,10.159,1.006850960324272,6.0,20.837841635914646,其他,2025.0
zelk12/MT2-Gen7-gemma-2-9B,10.159,1.006850960324272,6.0,22.28290945432224,其他,2025.0
zelk12/MT2-Max-Merge_02012025163610-gemma-2-9B,10.159,1.006850960324272,6.0,34.675340724715895,其他,2025.0
zelk12/MT3-Gen4-gemma-2-9B,10.159,1.006850960324272,5.0,34.517532467321914,其他,2024.0
zelk12/MT3-Gen5-gemma-2-9B,10.159,1.006850960324272,5.0,34.7576818343369,其他,2024.0
zelk12/MT3-Gen5-gemma-2-9B_v1,10.159,1.006850960324272,5.0,34.734556510838615,其他,2024.0
zelk12/MT3-Gen6-gemma-2-9B,10.159,1.006850960324272,6.0,21.10285538804693,其他,2025.0
zelk12/MT3-Max-Merge_02012025163610-gemma-2-9B,10.159,1.006850960324272,6.0,22.46770825046867,其他,2025.0
zelk12/MT4-Gen4-gemma-2-9B,10.159,1.006850960324272,5.0,34.381140380385126,其他,2024.0
zelk12/MT4-Gen5-gemma-2-9B,10.159,1.006850960324272,5.0,34.72051149657049,其他,2024.0
zelk12/MT4-Max-Merge_02012025163610-gemma-2-9B,10.159,1.006850960324272,6.0,22.332038216896635,其他,2025.0
zelk12/MT5-Gen4-gemma-2-9B,10.159,1.006850960324272,5.0,34.658891352635635,其他,2024.0
zelk12/MT5-Gen5-gemma-2-9B,10.159,1.006850960324272,5.0,34.634253143757086,其他,2024.0
zelk12/MT5-Max-Merge_02012025163610-gemma-2-9B,10.159,1.006850960324272,6.0,22.353756658265933,其他,2025.0
zelk12/MTM-Merge-gemma-2-9B,10.159,1.006850960324272,6.0,34.61498534418492,其他,2025.0
zelk12/MTMaMe-Merge_02012025163610-gemma-2-9B,10.159,1.006850960324272,6.0,22.385497094651758,其他,2025.0
zelk12/Rv0.4DMv1t0.25Tt0.25-gemma-2-9B,10.159,1.006850960324272,5.0,33.87751505283704,其他,2024.0
zelk12/Rv0.4MT4g2-gemma-2-9B,10.159,1.006850960324272,6.0,33.255961795847774,其他,2025.0
zelk12/T31122024203920-gemma-2-9B,10.159,1.006850960324272,5.0,34.20907135232025,其他,2024.0
zelk12/gemma-2-S2MTM-9B,10.159,1.006850960324272,5.0,33.89283041556518,其他,2024.0
zetasepic/Qwen2.5-32B-Instruct-abliterated-v2,32.764,1.5153969172605857,5.0,46.88867299768722,chat/finetuned,2024.0
zhengr/MixTAO-7Bx2-MoE-v8.1,12.879,1.1098821431991013,5.0,17.067606418207944,chat/finetuned,2024.0
